,equity_curve
2016-01-04,1.0
2016-01-05,1.0
2016-01-06,1.0
2016-01-07,1.0
2016-01-08,1.0
2016-01-11,1.0
2016-01-12,1.0
2016-01-13,1.0
2016-01-14,1.0
2016-01-15,1.0
2016-01-19,1.0
2016-01-20,1.0
2016-01-21,1.0
2016-01-22,1.0
2016-01-25,1.0
2016-01-26,0.9983685156630987
2016-01-27,0.9983685156630987
2016-01-28,0.9967546651094767
2016-01-29,1.016575267411884
2016-02-01,1.01501479310556
2016-02-02,1.0307386959992244
2016-02-03,1.039939382828725
2016-02-04,1.0383294682061492
2016-02-05,1.066127053202504
2016-02-08,1.0643176018931026
2016-02-09,1.0625048951082552
2016-02-10,1.0607417071564669
2016-02-11,1.0589807931554434
2016-02-12,1.0572989661563073
2016-02-16,1.0556703461653874
2016-02-17,1.0540725094976726
2016-02-18,1.064945941247296
2016-02-19,1.0634140706534203
2016-02-22,1.0701058311000158
2016-02-23,1.0686375974336366
2016-02-24,1.0671130365557369
2016-02-25,1.0656536989793586
2016-02-26,1.0642565357069613
2016-02-29,1.0628746236925264
2016-03-01,1.0628746236925264
2016-03-02,1.0615365999194553
2016-03-03,1.0602445598556631
2016-03-04,1.0589761466351706
2016-03-07,1.0577257048454478
2016-03-08,1.0564924449944524
2016-03-09,1.0553020724843902
2016-03-10,1.0540986438388107
2016-03-11,1.0529041811334805
2016-03-14,1.0571613842456322
2016-03-15,1.0571613842456322
2016-03-16,1.0680816047314723
2016-03-17,1.067001519556219
2016-03-18,1.0659546289494066
2016-03-21,1.0649386226063158
2016-03-22,1.0723952949640547
2016-03-23,1.071405311426343
2016-03-24,1.071405311426343
2016-03-28,1.0704651717853828
2016-03-29,1.0704651717853828
2016-03-30,1.0695234082879983
2016-03-31,1.068608841234992
2016-04-01,1.0676661134169005
2016-04-04,1.06676120625061
2016-04-05,1.0658551440643513
2016-04-06,1.064935270092009
2016-04-07,1.064000128029883
2016-04-08,1.0630633064072117
2016-04-11,1.0621251204365076
2016-04-12,1.061170708357199
2016-04-13,1.0602283161091184
2016-04-14,1.0602283161091184
2016-04-15,1.0602283161091184
2016-04-18,1.0602283161091184
2016-04-19,1.0652389803197042
2016-04-20,1.0643453332515707
2016-04-21,1.0643453332515707
2016-04-22,1.0634204792522788
2016-04-25,1.0625206556538895
2016-04-26,1.0616255343942285
2016-04-27,1.0607051172233708
2016-04-28,1.059753367626038
2016-04-29,1.0587851125083465
2016-05-02,1.0578170510547273
2016-05-03,1.0568599471839784
2016-05-04,1.055913733441211
2016-05-05,1.0549886110783566
2016-05-06,1.0540640523557328
2016-05-09,1.053167903607515
2016-05-10,1.0522690503213603
2016-05-11,1.0522690503213603
2016-05-12,1.0522690503213603
2016-05-13,1.0513699250331578
2016-05-16,1.0616272612418214
2016-05-17,1.0606970188815212
2016-05-18,1.0597536685855868
2016-05-19,1.0588152917041334
2016-05-20,1.0644979038030498
2016-05-23,1.0635806807111379
2016-05-24,1.0771502750651003
2016-05-25,1.0771502750651003
2016-05-26,1.0762491997363257
2016-05-27,1.0799184104098434
2016-05-31,1.0790671164634296
2016-06-01,1.0782344726915067
2016-06-02,1.07740779905681
2016-06-03,1.0793769540706966
2016-06-06,1.0785662026331642
2016-06-07,1.0785662026331642
2016-06-08,1.0785662026331642
2016-06-09,1.0778080578752964
2016-06-10,1.0770260803063954
2016-06-13,1.0762412355614075
2016-06-14,1.0754511167039125
2016-06-15,1.0746686795368419
2016-06-16,1.073859263030623
2016-06-17,1.08061125146648
2016-06-20,1.08061125146648
2016-06-21,1.079787713602645
2016-06-22,1.079787713602645
2016-06-23,1.0789576325746175
2016-06-24,1.077978487453142
2016-06-27,1.0897125369837986
2016-06-28,1.088635469529911
2016-06-29,1.0875601145633664
2016-06-30,1.0875601145633664
2016-07-01,1.0915475101602634
2016-07-05,1.091952059153481
2016-07-06,1.0909126113502219
2016-07-07,1.0899195710358736
2016-07-08,1.0889224245662577
2016-07-11,1.0879590317182923
2016-07-12,1.0870237306423691
2016-07-13,1.0861167821113233
2016-07-14,1.0861167821113233
2016-07-15,1.0861167821113233
2016-07-18,1.0861167821113233
2016-07-19,1.085286156792422
2016-07-20,1.084447799103868
2016-07-21,1.0836288596313277
2016-07-22,1.0828196150139333
2016-07-25,1.0820409163006661
2016-07-26,1.081268809616698
2016-07-27,1.0805050644150438
2016-07-28,1.0797569053934073
2016-07-29,1.0790262311506658
2016-08-01,1.078299259944622
2016-08-02,1.0775566858449472
2016-08-03,1.0775566858449472
2016-08-04,1.0775566858449472
2016-08-05,1.0768360954721474
2016-08-08,1.0761338227417512
2016-08-09,1.0754452335986115
2016-08-10,1.0754452335986115
2016-08-11,1.0747757662682038
2016-08-12,1.0741232943626096
2016-08-15,1.076452008377189
2016-08-16,1.0758128920013619
2016-08-17,1.0751729165871675
2016-08-18,1.0745475635123445
2016-08-19,1.073924122568395
2016-08-22,1.0733064716562524
2016-08-23,1.0733064716562524
2016-08-24,1.072685054986997
2016-08-25,1.0720663534668577
2016-08-26,1.0714299985375382
2016-08-29,1.0714299985375382
2016-08-30,1.0708051290543519
2016-08-31,1.0708051290543519
2016-09-01,1.0701832758579661
2016-09-02,1.0695642472374167
2016-09-06,1.0689473098685773
2016-09-07,1.0683409536213606
2016-09-08,1.067727192320326
2016-09-09,1.0670386454812852
2016-09-12,1.0862924189092724
2016-09-13,1.085511973014921
2016-09-14,1.0847310257916123
2016-09-15,1.0839268287497772
2016-09-16,1.0831490923206881
2016-09-19,1.0823680036049805
2016-09-20,1.0823680036049805
2016-09-21,1.0815913119677822
2016-09-22,1.0815913119677822
2016-09-23,1.086341539666388
2016-09-26,1.0855753888904545
2016-09-27,1.0958594113675597
2016-09-28,1.0958594113675597
2016-09-29,1.0958594113675597
2016-09-30,1.0950890763017656
2016-10-03,1.0950890763017656
2016-10-04,1.0943373693375367
2016-10-05,1.0943373693375367
2016-10-06,1.0936042409978308
2016-10-07,1.0928716556849691
2016-10-10,1.093233097674927
2016-10-11,1.1065079371099944
2016-10-12,1.1057363211937323
2016-10-13,1.1049497508532276
2016-10-14,1.104174435644672
2016-10-17,1.1034135596463872
2016-10-18,1.1026433457032703
2016-10-19,1.1026433457032703
2016-10-20,1.1019019750840402
2016-10-21,1.1011701465391226
2016-10-24,1.1004330168030985
2016-10-25,1.0997134688856596
2016-10-26,1.0989857082399543
2016-10-27,1.1080745467841593
2016-10-28,1.107315823001982
2016-10-31,1.1065762574644764
2016-11-01,1.1158666161207877
2016-11-02,1.1150679308692675
2016-11-03,1.1142552621198094
2016-11-04,1.113437067567509
2016-11-07,1.1125723009566209
2016-11-08,1.111700834154724
2016-11-09,1.1108002670950532
2016-11-10,1.1098185575123776
2016-11-11,1.108825508646305
2016-11-14,1.107826239136398
2016-11-15,1.1068135075825662
2016-11-16,1.1158933051470568
2016-11-17,1.1149104776773333
2016-11-18,1.1139601705428963
2016-11-21,1.1213340916116312
2016-11-22,1.1204209310485063
2016-11-23,1.1195176854083912
2016-11-25,1.1186489258673629
2016-11-28,1.1186489258673629
2016-11-29,1.1186489258673629
2016-11-30,1.1177955757101448
2016-12-01,1.1331115149944184
2016-12-02,1.132209868970722
2016-12-05,1.1313090137675446
2016-12-06,1.1304372058226415
2016-12-07,1.1295353385340858
2016-12-08,1.1286693606961666
2016-12-09,1.1278213578894811
2016-12-12,1.1269815929933629
2016-12-13,1.1358476832730808
2016-12-14,1.1349915275278173
2016-12-15,1.1341441539946795
2016-12-16,1.133303786743147
2016-12-19,1.1324589522426174
2016-12-20,1.131640450064632
2016-12-21,1.1308482385221512
2016-12-22,1.1300658161749906
2016-12-23,1.1293072668944963
2016-12-27,1.1316779840497313
2016-12-28,1.1309090396622545
2016-12-29,1.1301453601419733
2016-12-30,1.129356818855734
2017-01-03,1.1285560980369715
2017-01-04,1.1277707889721558
2017-01-05,1.126999152019414
2017-01-06,1.126216876595862
2017-01-09,1.125461641913323
2017-01-10,1.1247175830272853
2017-01-11,1.123982221986556
2017-01-12,1.1232385334528923
2017-01-13,1.1243774177822068
2017-01-17,1.1236632784614697
2017-01-18,1.1229680993764521
2017-01-19,1.1222792139564222
2017-01-20,1.1215959055833968
2017-01-23,1.1209125133525277
2017-01-24,1.1202308608480849
2017-01-25,1.1195476089915948
2017-01-26,1.1188864450874694
2017-01-27,1.1182401300773277
2017-01-30,1.120501282346643
2017-01-31,1.120501282346643
2017-02-01,1.1198287243252134
2017-02-02,1.1191587627517503
2017-02-03,1.1191587627517503
2017-02-06,1.1185219494922067
2017-02-07,1.1185219494922067
2017-02-08,1.1178982986892203
2017-02-09,1.117283262488403
2017-02-10,1.117283262488403
2017-02-13,1.117283262488403
2017-02-14,1.1166855032388407
2017-02-15,1.1232498885338762
2017-02-16,1.12265680280372
2017-02-17,1.12265680280372
2017-02-21,1.12265680280372
2017-02-22,1.12265680280372
2017-02-23,1.1272209744888866
2017-02-24,1.1266309845031908
2017-02-27,1.1260502912807846
2017-02-28,1.1254731554633206
2017-03-01,1.1248722269435492
2017-03-02,1.12427613377709
2017-03-03,1.12427613377709
2017-03-06,1.12427613377709
2017-03-07,1.123686514160035
2017-03-08,1.1231022411636489
2017-03-09,1.1225175957642148
2017-03-10,1.1219391724830314
2017-03-13,1.1213758603109703
2017-03-14,1.1208118091721841
2017-03-15,1.1202347535852426
2017-03-16,1.1202347535852426
2017-03-17,1.119679861581989
2017-03-20,1.1191291948629956
2017-03-21,1.1185241109971127
2017-03-22,1.1179026544056136
2017-03-23,1.1172894450271942
2017-03-24,1.1166714551732173
2017-03-27,1.1166714551732173
2017-03-28,1.1160175636129868
2017-03-29,1.1153772165578686
2017-03-30,1.1153772165578686
2017-03-31,1.114764577550206
2017-04-03,1.1141451052772058
2017-04-04,1.1135327015850143
2017-04-05,1.1128988735628453
2017-04-06,1.1122721295469515
2017-04-07,1.1116488008375318
2017-04-10,1.1110293101504798
2017-04-11,1.110390495389428
2017-04-12,1.10975643724942
2017-04-13,1.1091168253832062
2017-04-17,1.1084746871789366
2017-04-18,1.107843260481963
2017-04-19,1.1072150168626154
2017-04-20,1.1065762921386024
2017-04-21,1.1059536617618144
2017-04-24,1.1053150931925317
2017-04-25,1.1053150931925317
2017-04-26,1.1046901984076025
2017-04-27,1.1040708833451356
2017-04-28,1.1060276042363169
2017-05-01,1.1060276042363169
2017-05-02,1.1054315118481037
2017-05-03,1.104838751592173
2017-05-04,1.1042487046518528
2017-05-05,1.1036692403255457
2017-05-08,1.1031035856126448
2017-05-09,1.1025432295244226
2017-05-10,1.1019937440592604
2017-05-11,1.1019937440592604
2017-05-12,1.101455253865377
2017-05-15,1.1009251205140778
2017-05-16,1.1004020729927089
2017-05-17,1.0997986991686386
2017-05-18,1.0991620042133703
2017-05-19,1.0997259953740908
2017-05-22,1.1041870619693919
2017-05-23,1.103566895991755
2017-05-24,1.1029579319340297
2017-05-25,1.1023374830606318
2017-05-26,1.1017373687037235
2017-05-30,1.1021214694882024
2017-05-31,1.1057402357241104
2017-06-01,1.1057402357241104
2017-06-02,1.1051384248799283
2017-06-05,1.1045567362584814
2017-06-06,1.1039727502298509
2017-06-07,1.1033911804137266
2017-06-08,1.1035230964856593
2017-06-09,1.1028114233209805
2017-06-12,1.102042706500946
2017-06-13,1.1012853260750122
2017-06-14,1.100506543110525
2017-06-15,1.100506543110525
2017-06-16,1.0997074527076205
2017-06-19,1.0988902283024036
2017-06-20,1.098088049411733
2017-06-21,1.097287073348511
2017-06-22,1.096510637348631
2017-06-23,1.095739263216293
2017-06-26,1.0949622734310143
2017-06-27,1.094143093887376
2017-06-28,1.094143093887376
2017-06-29,1.0932384214616706
2017-06-30,1.0923460633029665
2017-07-03,1.0923460633029665
2017-07-05,1.0914185778469527
2017-07-06,1.090494238584691
2017-07-07,1.0895721801498381
2017-07-10,1.0886667628976334
2017-07-11,1.0886667628976334
2017-07-12,1.0886667628976334
2017-07-13,1.0878191332681115
2017-07-14,1.0869868300472587
2017-07-17,1.0861836389224135
2017-07-18,1.0853797049753455
2017-07-19,1.0846011135776876
2017-07-20,1.0838433019794633
2017-07-21,1.0831016309485626
2017-07-24,1.0823763333037706
2017-07-25,1.0816710796586344
2017-07-26,1.0816710796586344
2017-07-27,1.0809320286864932
2017-07-28,1.0801870943307015
2017-07-31,1.0794483175068006
2017-08-01,1.0787281903010906
2017-08-02,1.0779989149158216
2017-08-03,1.0822687874373322
2017-08-04,1.0815572536196016
2017-08-07,1.0808598985750475
2017-08-08,1.0801585874083262
2017-08-09,1.0794493067217297
2017-08-10,1.0794493067217297
2017-08-11,1.0786809898531893
2017-08-14,1.0779081917906377
2017-08-15,1.0771639785413434
2017-08-16,1.0764291869946976
2017-08-17,1.0764291869946976
2017-08-18,1.0756396958423855
2017-08-21,1.0748558556982488
2017-08-22,1.0838466302400342
2017-08-23,1.0830650616943027
2017-08-24,1.0822830774017984
2017-08-25,1.081504146434718
2017-08-28,1.0807434206561144
2017-08-29,1.0911901911015693
2017-08-30,1.0903992746357902
2017-08-31,1.0964403289566336
2017-09-01,1.095679771179683
2017-09-05,1.0948914734919473
2017-09-06,1.0941061041373834
2017-09-07,1.0933401619436398
2017-09-08,1.1005995080581317
2017-09-11,1.0998234348258429
2017-09-12,1.0998234348258429
2017-09-13,1.0990890985042674
2017-09-14,1.0983676388608081
2017-09-15,1.0983676388608081
2017-09-18,1.0983676388608081
2017-09-19,1.0983676388608081
2017-09-20,1.09766331435715
2017-09-21,1.1023707366998177
2017-09-22,1.1016748443398505
2017-09-25,1.1009512354826474
2017-09-26,1.1002350833030459
2017-09-27,1.0995090620242436
2017-09-28,1.0988008203275759
2017-09-29,1.0980991527205528
2017-10-02,1.097404983375477
2017-10-03,1.097404983375477
2017-10-04,1.096741573834972
2017-10-05,1.096076788023916
2017-10-06,1.095428592006185
2017-10-09,1.094797493322532
2017-10-10,1.0941675712852057
2017-10-11,1.0935482862625492
2017-10-12,1.0929420784988029
2017-10-13,1.0923478047798179
2017-10-16,1.0917701708602718
2017-10-17,1.0912077659671775
2017-10-18,1.0931183445376786
2017-10-19,1.0925482161097704
2017-10-20,1.0925482161097704
2017-10-23,1.0919775333068233
2017-10-24,1.0914084854147026
2017-10-25,1.0908181211387549
2017-10-26,1.0902344929478038
2017-10-27,1.0902344929478038
2017-10-30,1.0895789459387422
2017-10-31,1.0889389428154927
2017-11-01,1.0889389428154927
2017-11-02,1.088296059903247
2017-11-03,1.0876509050984178
2017-11-06,1.0870244578421582
2017-11-07,1.086412902527648
2017-11-08,1.0858090195296073
2017-11-09,1.0851734500882477
2017-11-10,1.0851734500882477
2017-11-13,1.0845585597011382
2017-11-14,1.0839424855598356
2017-11-15,1.0833156553712553
2017-11-16,1.0826672625266007
2017-11-17,1.0826672625266007
2017-11-20,1.0820490527925215
2017-11-21,1.0874393412960308
2017-11-22,1.0868321137986907
2017-11-24,1.0862397836663769
2017-11-27,1.0856604255862028
2017-11-28,1.0856604255862028
2017-11-29,1.1005516775419233
2017-11-30,1.0998970008162212
2017-12-01,1.09920078128377
2017-12-04,1.0984663399136596
2017-12-05,1.0976989657091025
2017-12-06,1.0969294323038947
2017-12-07,1.0961777528058627
2017-12-08,1.09543741848303
2017-12-11,1.0947048052423576
2017-12-12,1.0939944308342608
2017-12-13,1.0933054770261919
2017-12-14,1.0926290814122623
2017-12-15,1.0919397681680754
2017-12-18,1.0919397681680754
2017-12-19,1.0912625098704527
2017-12-20,1.0951792455080447
2017-12-21,1.0945139680131168
2017-12-22,1.0938661143189683
2017-12-26,1.0932135953197626
2017-12-27,1.0925815092373579
2017-12-28,1.093877649805267
2017-12-29,1.0932657029657058
2018-01-02,1.0926142540469863
2018-01-03,1.0919648068204626
2018-01-04,1.0913373010804925
2018-01-05,1.090701446309649
2018-01-08,1.090084486602014
2018-01-09,1.090084486602014
2018-01-10,1.0894715502616865
2018-01-11,1.0894715502616865
2018-01-12,1.097287965164633
2018-01-16,1.0966423904558542
2018-01-17,1.095976597847487
2018-01-18,1.0953250660317142
2018-01-19,1.0946854927422145
2018-01-22,1.0946854927422145
2018-01-23,1.0946854927422145
2018-01-24,1.0946854927422145
2018-01-25,1.0940054804902315
2018-01-26,1.0933026351876147
2018-01-29,1.0926155379262723
2018-01-30,1.0919081511880733
2018-01-31,1.0912057270841837
2018-02-01,1.0904840657371868
2018-02-02,1.0897163939561163
2018-02-05,1.0887904062132236
2018-02-06,1.0877050119137308
2018-02-07,1.0866295325760875
2018-02-08,1.0854347607812507
2018-02-09,1.084105862034115
2018-02-12,1.0827847546940073
2018-02-13,1.0814908667988654
2018-02-14,1.1050666265866582
2018-02-15,1.1037527424073579
2018-02-16,1.102486539847555
2018-02-20,1.1012381270388265
2018-02-21,1.1000066282002339
2018-02-22,1.0988021043820908
2018-02-23,1.0975967949795011
2018-02-26,1.0964340691491252
2018-02-27,1.0952916010867084
2018-02-28,1.09415061154746
2018-03-01,1.0929527583120002
2018-03-02,1.0916961548604571
2018-03-05,1.0904499668035128
2018-03-06,1.0892647432210543
2018-03-07,1.088097453004791
2018-03-08,1.086991693902948
2018-03-09,1.0858870323877092
2018-03-12,1.0848341212769255
2018-03-13,1.0837664734267125
2018-03-14,1.0827086637977636
2018-03-15,1.0816749854526897
2018-03-16,1.0806775896521472
2018-03-19,1.0796074961368956
2018-03-20,1.078562740514509
2018-03-21,1.0775218211250324
2018-03-22,1.076429775491538
2018-03-23,1.0752796060753713
2018-03-26,1.0740483035274706
2018-03-27,1.0727289532314657
2018-03-28,1.0713534569287426
2018-03-29,1.0699393466351266
2018-04-02,1.0684741287275001
2018-04-03,1.0669953687897624
2018-04-04,1.0654486171243518
2018-04-05,1.0640075805666793
2018-04-06,1.0625292004851778
2018-04-09,1.0610347464859264
2018-04-10,1.0595537170492
2018-04-11,1.0581297713659596
2018-04-12,1.0626764187828046
2018-04-13,1.0626764187828046
2018-04-16,1.0613642478275185
2018-04-17,1.0600570088394907
2018-04-18,1.0588093684539366
2018-04-19,1.0575886611654186
2018-04-20,1.0681292406294036
2018-04-23,1.0668938298674775
2018-04-24,1.0656036092881223
2018-04-25,1.064297294949138
2018-04-26,1.0629992813992704
2018-04-27,1.0738841733126094
2018-04-30,1.072602583051538
2018-05-01,1.0713263101811032
2018-05-04,1.0946867246745504
2018-05-07,1.0935172263776953
2018-05-08,1.0923844060587393
2018-05-09,1.0912722106253652
2018-05-10,1.0901970546970854
2018-05-11,1.0891676463307782
2018-05-14,1.0881726850755493
2018-05-15,1.087162456081568
2018-05-16,1.0861802092620507
2018-05-17,1.085210443717373
2018-05-18,1.0842681727239902
2018-05-21,1.0833434892693534
2018-05-22,1.0824377999024917
2018-05-23,1.0987890274649736
2018-05-24,1.0978704676359712
2018-05-25,1.0969782111709407
2018-05-29,1.096090428233739
2018-05-30,1.096090428233739
2018-05-31,1.0952402725306285
2018-06-01,1.1056373318777744
2018-06-04,1.1047923133274025
2018-06-05,1.1039774853495536
2018-06-06,1.1031723538189262
2018-06-07,1.1023616560575553
2018-06-08,1.1023616560575553
2018-06-11,1.1015809947972015
2018-06-12,1.1008230749793417
2018-06-13,1.1000732213745503
2018-06-14,1.0993214647759753
2018-06-15,1.0985782115409528
2018-06-18,1.0978338818392466
2018-06-19,1.0970678648367926
2018-06-20,1.0963098463145036
2018-06-21,1.1081338070045068
2018-06-22,1.1126908557437594
2018-06-25,1.1118245739401578
2018-06-26,1.1109593451127808
2018-06-27,1.1109593451127808
2018-06-28,1.1100356741119217
2018-06-29,1.1091391764684349
2018-07-02,1.1082104328296603
2018-07-03,1.1235919092372242
2018-07-05,1.122647164663469
2018-07-06,1.1216985692098353
2018-07-09,1.1207848846689366
2018-07-10,1.119904444839738
2018-07-11,1.119037909986148
2018-07-12,1.131392483448931
2018-07-13,1.1305434022714114
2018-07-16,1.1297207982801838
2018-07-17,1.1458583251835486
2018-07-18,1.1458583251835486
2018-07-19,1.1450427099078329
2018-07-20,1.1442413525038704
2018-07-23,1.143438945192884
2018-07-24,1.143438945192884
2018-07-25,1.1426191729563044
2018-07-26,1.1417788513376177
2018-07-27,1.1620682814617085
2018-07-30,1.1744355784463845
2018-07-31,1.1734657843603995
2018-08-01,1.1725200906655557
2018-08-02,1.1941873512592036
2018-08-03,1.1932334670977787
2018-08-06,1.1923042311552612
2018-08-07,1.191415518955949
2018-08-08,1.1905454760445606
2018-08-09,1.1897045804206592
2018-08-10,1.1888610864052596
2018-08-13,1.188025557992284
2018-08-14,1.188025557992284
2018-08-15,1.1871633177242638
2018-08-16,1.1863135816406853
2018-08-17,1.1854579828405092
2018-08-20,1.1846248299332456
2018-08-21,1.1838001714049369
2018-08-22,1.1829867356417838
2018-08-23,1.182186712938562
2018-08-24,1.1813902918161294
2018-08-27,1.1806042319977137
2018-08-28,1.179849520261009
2018-08-29,1.190585877982397
2018-08-30,1.18982523107307
2018-08-31,1.1890800952250962
2018-09-04,1.1883345176620996
2018-09-05,1.1875574734304344
2018-09-06,1.1979111211561966
2018-09-07,1.1970745938751925
2018-09-10,1.1962531613765908
2018-09-11,1.1954061043537478
2018-09-12,1.1954061043537478
2018-09-13,1.1945666567862625
2018-09-14,1.1937383456978805
2018-09-17,1.207373041395516
2018-09-18,1.2065013709325305
2018-09-19,1.205640355152107
2018-09-20,1.2047777028510605
2018-09-21,1.2047777028510605
2018-09-24,1.203896748194209
2018-09-25,1.2030495456697143
2018-09-26,1.202207653142273
2018-09-27,1.2068273759434247
2018-09-28,1.205998539058953
2018-10-01,1.2051816890470572
2018-10-02,1.2043643604411285
2018-10-03,1.2035663108128234
2018-10-04,1.21849563691841
2018-10-05,1.2175399471547068
2018-10-08,1.2165358043743353
2018-10-09,1.21553883049757
2018-10-10,1.2586616229523067
2018-10-11,1.2573615218553673
2018-10-12,1.2560206753381256
2018-10-15,1.2546894511342077
2018-10-16,1.2546894511342077
2018-10-17,1.2533440798692377
2018-10-18,1.2519487274901502
2018-10-19,1.2505374152329116
2018-10-22,1.2491465114602605
2018-10-23,1.2491465114602605
2018-10-24,1.2475686487341742
2018-10-25,1.2458700493011123
2018-10-26,1.2440815677172155
2018-10-29,1.2421804174829336
2018-10-30,1.2402372164074014
2018-10-31,1.23833920813454
2018-11-01,1.2364901980616074
2018-11-02,1.2364901980616074
2018-11-05,1.2346884450900995
2018-11-06,1.2329496087360587
2018-11-07,1.231211864987942
2018-11-08,1.2295579985882077
2018-11-09,1.2295579985882077
2018-11-12,1.2507060009128015
2018-11-13,1.2489495281273149
2018-11-14,1.2471876429792446
2018-11-15,1.245373073985519
2018-11-16,1.2436221044443125
2018-11-19,1.2754961929366446
2018-11-20,1.2735505942079526
2018-11-21,1.2716850738754406
2018-11-23,1.2698685266632137
2018-11-26,1.2680699303826193
2018-11-27,1.2663232104583426
2018-11-28,1.2645673158764543
2018-11-29,1.2628918551973563
2018-11-30,1.261270726877159
2018-12-03,1.25969393619376
2018-12-04,1.258029860373714
2018-12-06,1.2562522774122142
2018-12-07,1.2544546735751922
2018-12-10,1.252610443794566
2018-12-11,1.2508231225868147
2018-12-12,1.2490477432660871
2018-12-13,1.2473123334210667
2018-12-14,1.2455392027458625
2018-12-17,1.2437020647510735
2018-12-18,1.2437020647510735
2018-12-19,1.241795131615844
2018-12-20,1.2398176240637888
2018-12-21,1.2377348015712748
2018-12-24,1.235550188406625
2018-12-26,1.2332036178724317
2018-12-27,1.230897653518013
2018-12-28,1.2286716613242892
2018-12-31,1.2265496332494068
2019-01-02,1.22438761732052
2019-01-03,1.2222321253783324
2019-01-04,1.219997875177558
2019-01-07,1.2178964715546032
2019-01-08,1.215895368014538
2019-01-09,1.215895368014538
2019-01-10,1.214012787837179
2019-01-11,1.214012787837179
2019-01-14,1.2122641731271957
2019-01-15,1.227236129368973
2019-01-16,1.2256023620339165
2019-01-17,1.2256023620339165
2019-01-18,1.2240505754571323
2019-01-22,1.2375129168818482
2019-01-23,1.2359233890060108
2019-01-24,1.234395313289292
2019-01-25,1.2329092928364886
2019-01-28,1.231409369013886
2019-01-29,1.243822710175968
2019-01-30,1.2423132584299799
2019-01-31,1.2408391634546108
2019-02-01,1.2394226476079895
2019-02-04,1.2380398085260846
2019-02-05,1.2367176071156505
2019-02-06,1.2354426337286366
2019-02-07,1.2341372145081062
2019-02-08,1.2328503823609867
2019-02-11,1.2316165817226037
2019-02-12,1.2316165817226037
2019-02-13,1.2304440789597473
2019-02-14,1.229281532692443
2019-02-15,1.228165067776344
2019-02-19,1.2308326584468257
2019-02-20,1.2297673650274277
2019-02-21,1.2287221290660197
2019-02-22,1.2277044425068988
2019-02-25,1.2267145192831825
2019-02-26,1.2257390046858496
2019-02-27,1.2247702490364145
2019-02-28,1.223830347445264
2019-03-01,1.2229137630335574
2019-03-04,1.221973515788509
2019-03-05,1.2210466457056832
2019-03-06,1.2201384705850116
2019-03-07,1.2304082931776674
2019-03-08,1.2304082931776674
2019-03-11,1.2473259260578549
2019-03-12,1.2463658739522008
2019-03-13,1.2454132065692889
2019-03-14,1.2445013099248585
2019-03-15,1.2435894608419518
2019-03-18,1.2427015171859404
2019-03-19,1.2418268761461901
2019-03-20,1.240935327411421
2019-03-21,1.261484659259191
2019-03-22,1.260504508653278
2019-03-25,1.260504508653278
2019-03-26,1.2595157367836292
2019-03-27,1.2585055598337052
2019-03-28,1.2575036459227775
2019-03-29,1.2575036459227775
2019-04-01,1.2565346249356446
2019-04-02,1.2555973013894075
2019-04-03,1.2546679484721415
2019-04-04,1.2537495226234434
2019-04-05,1.2537495226234434
2019-04-08,1.2528698880155842
2019-04-09,1.2520168509948097
2019-04-10,1.2520168509948097
2019-04-11,1.255730059482146
2019-04-12,1.2549467681158488
2019-04-15,1.2541734282346542
2019-04-16,1.2534195698492119
2019-04-17,1.2534195698492119
2019-04-18,1.252688050701984
2019-04-22,1.2519568877781244
2019-04-23,1.2512103879610916
2019-04-24,1.2504876575477548
2019-04-25,1.2497643908505838
2019-04-26,1.2490279752190454
2019-04-29,1.2483132081987298
2019-04-30,1.2475681750676182
2019-05-01,1.2468085570463023
2019-05-02,1.2460143161686261
2019-05-03,1.2451956894834182
2019-05-06,1.2443143688327352
2019-05-07,1.2433567707303212
2019-05-08,1.2423893871227123
2019-05-09,1.241385869845179
2019-05-10,1.240326258491557
2019-05-13,1.2391436859327527
2019-05-14,1.237950424932832
2019-05-15,1.2367283407045093
2019-05-16,1.2468777361357914
2019-05-17,1.24567670292291
2019-05-20,1.2444388275348615
2019-05-21,1.2432288363849056
2019-05-22,1.2420587818292155
2019-05-23,1.2456652308905283
2019-05-24,1.244483118862975
2019-05-28,1.2433165934115267
2019-05-29,1.2421440411331648
2019-05-30,1.2410087295816254
2019-05-31,1.2398536380025
2019-06-03,1.2386464637182717
2019-06-04,1.2373793873617551
2019-06-05,1.2361616427907984
2019-06-06,1.2349616766325597
2019-06-07,1.251314485677047
2019-06-10,1.2500918322706733
2019-06-11,1.2488947029338844
2019-06-12,1.24772199428914
2019-06-13,1.2465874448531096
2019-06-14,1.24548055434465
2019-06-17,1.248653000946566
2019-06-18,1.2475557942662088
2019-06-19,1.2464831248864725
2019-06-20,1.2454275598881153
2019-06-21,1.244394017396874
2019-06-24,1.244394017396874
2019-06-25,1.2641072591947118
2019-06-26,1.263075505395344
2019-06-27,1.2620784547718824
2019-06-28,1.2620784547718824
2019-07-01,1.2610953335258328
2019-07-02,1.2601322890596331
2019-07-03,1.2591933271024967
2019-07-05,1.2582583964471294
2019-07-08,1.2573239572790595
2019-07-09,1.2675849381016184
2019-07-10,1.266654282192453
2019-07-11,1.265746024781551
2019-07-12,1.264863314638086
2019-07-15,1.264018452356608
2019-07-16,1.2631868534329271
2019-07-17,1.2623699510016773
2019-07-18,1.2615439237808785
2019-07-19,1.2781572613287178
2019-07-22,1.277296710569533
2019-07-23,1.276456521997984
2019-07-24,1.2879558916288374
2019-07-25,1.294785258948505
2019-07-26,1.2939277336760064
2019-07-29,1.2945163659456607
2019-07-30,1.2973520972695025
2019-07-31,1.2964276121273903
2019-08-01,1.2954124791673811
2019-08-02,1.2943422516261465
2019-08-05,1.3118301278897286
2019-08-06,1.3105675924677624
2019-08-07,1.3092496193200474
2019-08-08,1.30793200776822
2019-08-09,1.3066334395737274
2019-08-12,1.305323525203909
2019-08-13,1.3342627421666204
2019-08-14,1.3327974430850416
2019-08-15,1.3313448146441234
2019-08-16,1.329907119459861
2019-08-19,1.3285012881407672
2019-08-20,1.3271358988339905
2019-08-21,1.325805936238673
2019-08-22,1.324489851210755
2019-08-23,1.3230669954877812
2019-08-26,1.3216450217024442
2019-08-27,1.3202569930603958
2019-08-28,1.3188731297374563
2019-08-29,1.317523897988223
2019-08-30,1.3258146443113796
2019-09-03,1.3244865094959901
2019-09-04,1.3231763938515084
2019-09-05,1.3309818094234063
2019-09-06,1.3297280523134332
2019-09-09,1.3285034475819062
2019-09-10,1.3272854677415493
2019-09-11,1.3260998433887667
2019-09-12,1.3249490975935723
2019-09-13,1.3238329641471638
2019-09-16,1.3227424775912815
2019-09-17,1.321686389631343
2019-09-18,1.3206338208368287
2019-09-19,1.3196127606577612
2019-09-20,1.3185737578240182
2019-09-23,1.3175512528084963
2019-09-24,1.3164807924311706
2019-09-25,1.3153484242319549
2019-09-26,1.3142398352415552
2019-09-27,1.3295682358781034
2019-09-30,1.3284239370933146
2019-10-01,1.3272698620446473
2019-10-02,1.3371015679146632
2019-10-03,1.3358297906871057
2019-10-04,1.3345781842163538
2019-10-07,1.3333658667740194
2019-10-08,1.3321443774937411
2019-10-09,1.330925085018242
2019-10-10,1.329727333052193
2019-10-11,1.3285239790783445
2019-10-14,1.3273677442922487
2019-10-15,1.3262171733144856
2019-10-16,1.3262171733144856
2019-10-17,1.3251455767184699
2019-10-18,1.3240622770207315
2019-10-21,1.32299447142299
2019-10-22,1.3219352703022176
2019-10-23,1.3208970118037549
2019-10-24,1.3208970118037549
2019-10-25,1.3350465702185959
2019-10-28,1.3340387703251626
2019-10-29,1.3330540404516804
2019-10-30,1.332072256470177
2019-10-31,1.3311136252120865
2019-11-01,1.3301683986214567
2019-11-04,1.3292499524191637
2019-11-05,1.328360717975125
2019-11-06,1.3274891759170517
2019-11-07,1.3266255531824565
2019-11-08,1.3257687111784766
2019-11-11,1.3257687111784766
2019-11-12,1.324949184625358
2019-11-13,1.3241502200938389
2019-11-14,1.3233644682373407
2019-11-15,1.3225945659680183
2019-11-18,1.321829843050822
2019-11-19,1.3210831047073788
2019-11-20,1.320309571664351
2019-11-21,1.3195502887325037
2019-11-22,1.3187981964599302
2019-11-25,1.325130579029809
2019-11-26,1.325130579029809
2019-11-27,1.325130579029809
2019-11-29,1.3244169628986309
2019-12-02,1.3368735226289725
2019-12-03,1.3360512964829299
2019-12-04,1.33524653702962
2019-12-05,1.3344581957383563
2019-12-06,1.333664176494219
2019-12-09,1.33287920872573
2019-12-10,1.3321014821712729
2019-12-11,1.3313383742183325
2019-12-12,1.3305533050019172
2019-12-13,1.3297719889431319
2019-12-16,1.3320622301264302
2019-12-17,1.3320622301264302
2019-12-18,1.3313334884216592
2019-12-19,1.3306116932469387
2019-12-20,1.3306116932469387
2019-12-23,1.3306116932469387
2019-12-24,1.3299516507895357
2019-12-26,1.3383964384503435
2019-12-27,1.3383964384503435
2019-12-30,1.3434660274291124
2019-12-31,1.3427756573619891
2020-01-02,1.3420513612612859
2020-01-03,1.3413028914100025
2020-01-06,1.3405160651872583
2020-01-07,1.3405160651872583
2020-01-08,1.3397305885314916
2020-01-09,1.3389504219652286
2020-01-10,1.338175223443765
2020-01-13,1.338175223443765
2020-01-14,1.338175223443765
2020-01-15,1.3374103539493625
2020-01-16,1.3366455902310201
2020-01-17,1.3358973818676518
2020-01-21,1.335166573868566
2020-01-22,1.335166573868566
2020-01-23,1.3344359906220324
2020-01-24,1.3336641911788691
2020-01-27,1.332792651951241
2020-01-28,1.3318927174714437
2020-01-29,1.3318927174714437
2020-01-30,1.3309940685052184
2020-01-31,1.3300412005580868
2020-02-03,1.3389171648271818
2020-02-04,1.3378818319984798
2020-02-05,1.3453751758758505
2020-02-06,1.3443547055008525
2020-02-07,1.343357426675544
2020-02-10,1.3588893652626055
2020-02-11,1.357888197922141
2020-02-12,1.3569020714429443
2020-02-13,1.3559198358353228
2020-02-14,1.3549762361824012
2020-02-18,1.354047114888444
2020-02-19,1.3586692334721369
2020-02-20,1.3576959890360798
2020-02-21,1.3753613081450184
2020-02-24,1.3741042010640436
2020-02-25,1.3727222385723448
2020-02-26,1.3712759213965109
2020-02-27,1.3696260614768276
2020-02-28,1.3677995619055243
2020-03-02,1.3658942217756311
2020-03-03,1.363906679659508
2020-03-04,1.3618335389528597
2020-03-05,1.3597166395559328
2020-03-06,1.3574599347693699
2020-03-09,1.3548193795813595
2020-03-10,1.3521953728413643
2020-03-11,1.3494663407670875
2020-03-12,1.3494663407670875
2020-03-13,1.3460389452713544
2020-03-16,1.3418775167683141
2020-03-17,1.3377006874034556
2020-03-18,1.3333710674482802
2020-03-19,1.3290092353619336
2020-03-20,1.3290092353619336
2020-03-23,1.3245782813347764
2020-03-24,1.3203558847815644
2020-03-25,1.3162899129290853
2020-03-26,1.3122315417987331
2020-03-27,1.3083144470334183
2020-03-30,1.3045114771364676
2020-03-31,1.3045114771364676
2020-04-01,1.3007862619359487
2020-04-02,1.297048562358928
2020-04-03,1.2934851376690835
2020-04-06,1.2898886754132277
2020-04-07,1.324184867697632
2020-04-08,1.3208624389500223
2020-04-09,1.3177161464489997
2020-04-13,1.3146599966546864
2020-04-14,1.3409556381593946
2020-04-15,1.3380498772314915
2020-04-16,1.3352711257185823
2020-04-17,1.3326284526495145
2020-04-20,1.3300774109991373
2020-04-21,1.3634229679209502
2020-04-22,1.3607233299801285
2020-04-23,1.3581575097074075
2020-04-24,1.3556318767287652
2020-04-27,1.3532734845757488
2020-04-28,1.386334852244586
2020-04-29,1.3839108638400808
2020-04-30,1.3816225585972117
2020-05-01,1.379286234554785
2020-05-04,1.3769681691985887
2020-05-05,1.3747556192150239
2020-05-06,1.372632818709252
2020-05-07,1.3705885095464772
2020-05-08,1.3686214732548676
2020-05-11,1.384465101428931
2020-05-12,1.3825345453547342
2020-05-13,1.3805113322776619
2020-05-14,1.3784637220193547
2020-05-15,1.3764455677571266
2020-05-18,1.374501649681868
2020-05-19,1.3726349071604833
2020-05-20,1.3815389256233395
2020-05-21,1.3815389256233395
2020-05-22,1.3797861614214466
2020-05-26,1.4011373799896216
2020-05-27,1.399342832979789
2020-05-28,1.397577626932196
2020-05-29,1.3958307875435685
2020-06-01,1.3941621582964998
2020-06-02,1.3925321498887937
2020-06-03,1.3909785511999242
2020-06-04,1.3894403792915044
2020-06-05,1.407360817805626
2020-06-08,1.405830021726184
2020-06-09,1.4196317117753514
2020-06-10,1.4181398565509518
2020-06-11,1.4181398565509518
2020-06-12,1.4163798738499143
2020-06-15,1.414510214234822
2020-06-16,1.4127256251351306
2020-06-17,1.4127256251351306
2020-06-18,1.4110738809403287
2020-06-19,1.409454912201247
2020-06-22,1.409454912201247
2020-06-23,1.4078941444087487
2020-06-24,1.4062925451546981
2020-06-25,1.4046624362527345
2020-06-26,1.4360324034768956
2020-06-29,1.434302702544861
2020-06-30,1.4575786784198366
2020-07-01,1.455893351245848
2020-07-02,1.4542723337325627
2020-07-06,1.4689272871832515
2020-07-07,1.4673026618288787
2020-07-08,1.4657122140183132
2020-07-09,1.4641389171109316
2020-07-10,1.4625619887019725
2020-07-13,1.4608849193811733
2020-07-14,1.4591031467033804
2020-07-15,1.4573550982674248
2020-07-16,1.455593886048326
2020-07-17,1.455593886048326
2020-07-20,1.4538401517583235
2020-07-21,1.4751423629758376
2020-07-22,1.47345184203997
2020-07-23,1.4716913040165633
2020-07-24,1.4698484094164603
2020-07-27,1.4680489010128583
2020-07-28,1.4663035880891153
2020-07-29,1.4645929703289047
2020-07-30,1.4628909898784737
2020-07-31,1.461233675101839
2020-08-03,1.4596261496699796
2020-08-04,1.4580819814087085
2020-08-05,1.4566127874249095
2020-08-06,1.4551506154411218
2020-08-07,1.4551506154411218
2020-08-10,1.4536699606765642
2020-08-11,1.4521557497995607
2020-08-12,1.4505945422296516
2020-08-13,1.4490957776790325
2020-08-14,1.4476420493652222
2020-08-17,1.4537417674495319
2020-08-18,1.4523525617794242
2020-08-19,1.4523525617794242
2020-08-20,1.473630221717117
2020-08-21,1.4722778272898762
2020-08-24,1.4722778272898762
2020-08-25,1.4709547179295477
2020-08-26,1.4696174540223432
2020-08-27,1.468291974045479
2020-08-28,1.46701485868231
2020-08-31,1.465745312840565
2020-09-01,1.4644802890020123
2020-09-02,1.463205067860729
2020-09-03,1.461669174164198
2020-09-04,1.459879975147365
2020-09-08,1.4578613931489992
2020-09-09,1.4558000479622764
2020-09-10,1.4537049070077483
2020-09-11,1.4515336873909805
2020-09-14,1.4493875888919354
2020-09-15,1.4473214272046289
2020-09-16,1.4452883697378414
2020-09-17,1.4431645801947126
2020-09-18,1.4410230519770226
2020-09-21,1.4388238593877585
2020-09-22,1.4366965091764838
2020-09-23,1.4345538948852998
2020-09-24,1.4323360871551682
2020-09-25,1.4301426644064854
2020-09-28,1.4280743127153654
2020-09-29,1.4261098218001673
2020-09-30,1.4241798895445068
2020-10-01,1.4223270097785745
2020-10-02,1.4204068140246626
2020-10-05,1.4381303398731433
2020-10-06,1.4362189583578922
2020-10-07,1.4343258324844992
2020-10-08,1.4359733935544914
2020-10-09,1.44791053107869
2020-10-12,1.4460968718228264
2020-10-13,1.4443617162471791
2020-10-14,1.4426347105386017
2020-10-15,1.4408865202407437
2020-10-16,1.4391825175134663
2020-10-19,1.4374341115029665
2020-10-20,1.435684524304256
2020-10-21,1.4339891701845628
2020-10-22,1.4323157603858478
2020-10-23,1.4306864519498528
2020-10-26,1.4290094179264052
2020-10-27,1.4273698645081805
2020-10-28,1.4256128384791054
2020-10-29,1.4238088728448524
2020-10-30,1.4238088728448524
2020-11-02,1.4219391358272686
2020-11-03,1.4200651450305941
2020-11-04,1.418144512572674
2020-11-05,1.416254458317128
2020-11-06,1.414394050703002
2020-11-09,1.412485844448358
2020-11-10,1.4105144441691095
2020-11-11,1.4280453045407735
2020-11-12,1.4261394151144842
2020-11-13,1.4261394151144842
2020-11-16,1.4243539243435048
2020-11-17,1.4226683852024415
2020-11-18,1.4226683852024415
2020-11-19,1.4210536429929035
2020-11-20,1.4195121564904474
2020-11-23,1.4179897846513434
2020-11-24,1.4164708324857054
2020-11-25,1.415031527230414
2020-11-27,1.4136358881439017
2020-11-30,1.4122476084606843
2020-12-01,1.4108596610080846
2020-12-02,1.40949922906122
2020-12-03,1.4082024932179298
2020-12-04,1.4069523612756332
2020-12-07,1.4116277264155166
2020-12-08,1.4104458831637683
2020-12-09,1.4092079054188023
2020-12-10,1.407921868110266
2020-12-11,1.4066613036512294
2020-12-14,1.40844761835676
2020-12-15,1.40844761835676
2020-12-16,1.4072702231793728
2020-12-17,1.40614522740773
2020-12-18,1.4121475539890425
2020-12-21,1.410984182670201
2020-12-22,1.4098371258865627
2020-12-23,1.408728553389013
2020-12-24,1.4076601303564487
2020-12-28,1.40660704812597
2020-12-29,1.4055854057324775
2020-12-30,1.4086065246067647
2020-12-31,1.4076293161624756
2021-01-04,1.430432115806178
2021-01-05,1.441395307039573
2021-01-06,1.4402445713992753
2021-01-07,1.4583110792552842
2021-01-08,1.4583110792552842
2021-01-11,1.457104990627099
2021-01-12,1.455903625591726
2021-01-13,1.4547224537637358
2021-01-14,1.453564257802395
2021-01-15,1.4523982793489865
2021-01-19,1.4512240486912082
2021-01-20,1.4666534656554315
2021-01-21,1.465461482270207
2021-01-22,1.465461482270207
2021-01-25,1.464265787678009
2021-01-26,1.4631039157588814
2021-01-27,1.4618168389750064
2021-01-28,1.4604949013018178
2021-01-29,1.459114362053185
2021-02-01,1.4576771480268527
2021-02-02,1.4654091756114276
2021-02-03,1.4640285669298898
2021-02-04,1.4626671377200169
2021-02-05,1.4613602462165638
2021-02-08,1.4601091348015174
2021-02-09,1.4589069270455919
2021-02-10,1.4576936890435086
2021-02-11,1.4576936890435086
2021-02-12,1.4565214196579916
2021-02-16,1.455378376352019
2021-02-17,1.4542094494578632
2021-02-18,1.453021529628245
2021-02-19,1.451856797362838
2021-02-22,1.4506028990501794
2021-02-23,1.449193048451361
2021-02-24,1.4477512117817626
2021-02-25,1.4462141217851525
2021-02-26,1.4446137131056953
2021-03-01,1.44297894836303
2021-03-02,1.4660109640481365
2021-03-03,1.4643074945355508
2021-03-04,1.4624826754802738
2021-03-05,1.460542513343253
2021-03-08,1.4585564527720447
2021-03-09,1.4564850292297047
2021-03-10,1.4544915452765337
2021-03-11,1.4524973377827257
2021-03-12,1.4505057092141322
2021-03-15,1.4485797541544447
2021-03-16,1.446733119535508
2021-03-17,1.444851315592757
2021-03-18,1.4429317872825607
2021-03-19,1.4410329122352803
2021-03-22,1.4391582013057982
2021-03-23,1.4373491951600588
2021-03-24,1.4644203192679979
2021-03-25,1.46256697833526
2021-03-26,1.4607354666552512
2021-03-29,1.4589735821301735
2021-03-30,1.4572439726621749
2021-03-31,1.4693440465224605
2021-04-01,1.4742318616669645
2021-04-05,1.4725747684385326
2021-04-06,1.4709961717701578
2021-04-07,1.4694694416948788
2021-04-08,1.468007781204215
2021-04-09,1.466568088903426
2021-04-12,1.466568088903426
2021-04-13,1.4757508596070192
2021-04-14,1.4744113545297146
2021-04-15,1.4730732248763805
2021-04-16,1.471791600720707
2021-04-19,1.4705163464331212
2021-04-20,1.4692327431550407
2021-04-21,1.4679361476537833
2021-04-22,1.4666451802003528
2021-04-23,1.465345163633985
2021-04-26,1.4640927594256021
2021-04-27,1.471443718626006
2021-04-28,1.4702575368377722
2021-04-29,1.4775034479066846
2021-04-30,1.4763198276911564
2021-05-03,1.4751478390588453
2021-05-04,1.4738742651809411
2021-05-05,1.472605543677101
2021-05-06,1.4713171560734408
2021-05-07,1.4700522375045404
2021-05-10,1.4687236361638263
2021-05-11,1.4673227960727444
2021-05-12,1.4658678615052785
2021-05-13,1.464415417751084
2021-05-14,1.4629400045436343
2021-05-17,1.4614868474400708
2021-05-18,1.4600568155120677
2021-05-19,1.4585831474647852
2021-05-20,1.475607312792003
2021-05-21,1.4904767109734811
2021-05-24,1.5025294576869457
2021-05-25,1.5011212380929666
2021-05-26,1.499778189045303
2021-05-27,1.4984899626721095
2021-05-28,1.4984899626721095
2021-06-01,1.4972582387036342
2021-06-02,1.4960579145945907
2021-06-03,1.4948421160314977
2021-06-04,1.5082668760114222
2021-06-07,1.5070751295982265
2021-06-08,1.5070751295982265
2021-06-09,1.5070751295982265
2021-06-10,1.5059508588462682
2021-06-11,1.5048792793648655
2021-06-14,1.5038136413872203
2021-06-15,1.502775437456127
2021-06-16,1.5017016654028459
2021-06-17,1.5204981664101755
2021-06-18,1.5193958739304363
2021-06-21,1.5182841772659903
2021-06-22,1.5171881526512596
2021-06-23,1.5161397583944771
2021-06-24,1.5151029194688872
2021-06-25,1.5141040604774973
2021-06-28,1.5131035979030518
2021-06-29,1.5121335394351796
2021-06-30,1.5112046258879703
2021-07-01,1.5102978811095646
2021-07-02,1.509385289262231
2021-07-06,1.508476459596704
2021-07-07,1.5075705531798786
2021-07-08,1.5066115678981125
2021-07-09,1.505658974110514
2021-07-12,1.505658974110514
2021-07-13,1.5047423341444555
2021-07-14,1.5038408203749203
2021-07-15,1.5029166357785329
2021-07-16,1.501975165184773
2021-07-19,1.5009867052515697
2021-07-20,1.4999654673069764
2021-07-21,1.5111442089910625
2021-07-22,1.5101736370248324
2021-07-23,1.509201047422629
2021-07-26,1.5082614343458238
2021-07-27,1.507259411095473
2021-07-28,1.5062537739363486
2021-07-29,1.5068478717587386
2021-07-30,1.5126313215827447
2021-08-02,1.5116683830206403
2021-08-03,1.5106897574813134
2021-08-04,1.5106897574813134
2021-08-05,1.5106897574813134
2021-08-06,1.509779489768057
2021-08-09,1.509779489768057
2021-08-10,1.508894110655353
2021-08-11,1.5080064257707506
2021-08-12,1.5071136926535242
2021-08-13,1.506255214052244
2021-08-16,1.5053721551356818
2021-08-17,1.5044549376002618
2021-08-18,1.5035235044351016
2021-08-19,1.502555440043711
2021-08-20,1.5015966209642215
2021-08-23,1.5170808475786965
2021-08-24,1.5161369065729389
2021-08-25,1.5152327645314305
2021-08-26,1.5143451774559693
2021-08-27,1.513450070904886
2021-08-30,1.5244555916715967
2021-08-31,1.5235786358379606
2021-09-01,1.522721003246074
2021-09-02,1.522721003246074
2021-09-03,1.5218783715713586
2021-09-07,1.5210579987519508
2021-09-08,1.520235064408516
2021-09-09,1.5194215538831841
2021-09-10,1.5185770452172764
2021-09-13,1.5280943112125662
2021-09-14,1.5280943112125662
2021-09-15,1.5271804370932622
2021-09-16,1.5262668614621502
2021-09-17,1.5379333688031205
2021-09-20,1.5368399220319116
2021-09-21,1.5357565659994834
2021-09-22,1.5346642209271566
2021-09-23,1.5335856740386256
2021-09-24,1.5325260312320774
2021-09-27,1.5314462988484703
2021-09-28,1.5537150685778123
2021-09-29,1.552504036504401
2021-09-30,1.551286424642464
2021-10-01,1.5500283665183912
2021-10-04,1.5715654541783188
2021-10-05,1.5701824280565226
2021-10-06,1.5687844611245392
2021-10-07,1.5674169728705334
2021-10-08,1.5660763391330093
2021-10-11,1.5647392322107039
2021-10-12,1.5634285474614085
2021-10-13,1.5621465156572263
2021-10-14,1.5608537979450934
2021-10-15,1.5596197370222056
2021-10-18,1.5583768634819883
2021-10-19,1.5571897663033556
2021-10-20,1.5560398448124466
2021-10-21,1.5683841760074424
2021-10-22,1.567246080443732
2021-10-25,1.5661010051436959
2021-10-26,1.5649717563205998
2021-10-27,1.5638492636691195
2021-10-28,1.5638492636691195
2021-10-29,1.5627250387671883
2021-11-01,1.5616397901984405
2021-11-02,1.569958258150382
2021-11-03,1.56889668630996
2021-11-04,1.5678299418885242
2021-11-05,1.5667916528970074
2021-11-08,1.5657856395167005
2021-11-09,1.5647634234291499
2021-11-10,1.5636772381785642
2021-11-11,1.5626153394361757
2021-11-12,1.561546304400869
2021-11-15,1.561546304400869
2021-11-16,1.5718594956603404
2021-11-17,1.5708360200755411
2021-11-18,1.5698125551541653
2021-11-19,1.5688137464073795
2021-11-22,1.5677541728598021
2021-11-23,1.566636521983671
2021-11-24,1.5654894486760098
2021-11-26,1.564297120088339
2021-11-29,1.5630351290471585
2021-11-30,1.5617326130027718
2021-12-01,1.560314949866539
2021-12-02,1.5588482648036972
2021-12-03,1.5573050569720523
2021-12-06,1.5557049763492075
2021-12-07,1.5540875057249623
2021-12-08,1.552540391069795
2021-12-09,1.5510120085569425
2021-12-10,1.5495099483968389
2021-12-13,1.5480156172755795
2021-12-14,1.5464655860377634
2021-12-15,1.5448229364768433
2021-12-16,1.5431460375393926
2021-12-17,1.5414235561098508
2021-12-20,1.5414235561098508
2021-12-21,1.5396952322191184
2021-12-22,1.5380185326305773
2021-12-23,1.5364162749108796
2021-12-27,1.5497450585008177
2021-12-28,1.548229534513585
2021-12-29,1.5467563575832042
2021-12-30,1.5453276325807086
2021-12-31,1.5439380828631728
2022-01-03,1.5425693169699621
2022-01-04,1.5411709931817184
2022-01-05,1.539661436050813
2022-01-06,1.5381212763408192
2022-01-07,1.5365652801761027
2022-01-10,1.5349112974815484
2022-01-11,1.5332609242719801
2022-01-12,1.531690387210245
2022-01-13,1.531690387210245
2022-01-14,1.5300202097303388
2022-01-18,1.5282980037723717
2022-01-19,1.5282980037723717
2022-01-20,1.526484943250413
2022-01-21,1.5245881089708684
2022-01-24,1.5245881089708684
2022-01-25,1.5245881089708684
2022-01-26,1.5223199526955715
2022-01-27,1.5200110113399716
2022-01-28,1.5175908108251182
2022-01-31,1.557008299864165
2022-02-01,1.554704050796805
2022-02-02,1.5525012347123264
2022-02-03,1.5501440547177985
2022-02-04,1.547764478930041
2022-02-07,1.5454693676522544
2022-02-08,1.5431914201933974
2022-02-09,1.5410095364395033
2022-02-10,1.538805422424758
2022-02-11,1.5365234896896036
2022-02-14,1.5342156483580904
2022-02-15,1.531970457556867
2022-02-16,1.5297789402030675
2022-02-17,1.527564426487679
2022-02-18,1.5253347223757383
2022-02-22,1.523063651447402
2022-02-23,1.5207581488933104
2022-02-24,1.5180953663464964
2022-02-25,1.5180953663464964
2022-02-28,1.5156906204587224
2022-03-01,1.5133268170526992
2022-03-02,1.5109644764619883
2022-03-03,1.5409084352203193
2022-03-04,1.5385402547941662
2022-03-07,1.5360874331142085
2022-03-08,1.5334811691838586
2022-03-09,1.5308939285959995
2022-03-10,1.5283430237804452
2022-03-11,1.5258167479495974
2022-03-14,1.5232340231620296
2022-03-15,1.5206387377292265
2022-03-16,1.5181041662973407
2022-03-17,1.5181041662973407
2022-03-18,1.515688741978228
2022-03-21,1.5133924874899287
2022-03-22,1.537719962578449
2022-03-23,1.5355033514641485
2022-03-24,1.5333117676565768
2022-03-25,1.5312156548049811
2022-03-28,1.5291649470687447
2022-03-29,1.527202480437308
2022-03-30,1.5252891082917688
2022-03-31,1.5233988465970172
2022-04-01,1.521544369503215
2022-04-04,1.5474056796965987
2022-04-05,1.5455429939503431
2022-04-06,1.5435834249548883
2022-04-07,1.5416295392389296
2022-04-08,1.5397046025688184
2022-04-11,1.5377365015332298
2022-04-12,1.5357522522881328
2022-04-13,1.5357522522881328
2022-04-14,1.5337716335142788
2022-04-18,1.5317994964308161
2022-04-19,1.5298008830750303
2022-04-20,1.5278571571675381
2022-04-21,1.5258202866153863
2022-04-22,1.5236802806678929
2022-04-25,1.521494898198691
2022-04-26,1.5629030170413847
2022-04-27,1.560575680142494
2022-04-28,1.5581991799396449
2022-04-29,1.5557423704272468
2022-05-02,1.5532026841835176
2022-05-03,1.5507899007444133
2022-05-04,1.5482599395205139
2022-05-05,1.5992662576748058
2022-05-06,1.5963986559468915
2022-05-09,1.5934297174526957
2022-05-10,1.5904947694402285
2022-05-11,1.5874516379371133
2022-05-12,1.5842974494136206
2022-05-13,1.5812216613141625
2022-05-16,1.5783059859142308
2022-05-17,1.5754929862542693
2022-05-18,1.5725419444716748
2022-05-19,1.5695611705434618
2022-05-20,1.5665452399506372
2022-05-23,1.5665452399506372
2022-05-24,1.5635473608272028
2022-05-25,1.5606014478440269
2022-05-26,1.5986289194566397
2022-05-27,1.628650485398658
2022-05-31,1.6258328154994761
2022-06-01,1.6230858741208707
2022-06-02,1.6202602528352932
2022-06-03,1.6174927066954894
2022-06-06,1.6174927066954894
2022-06-07,1.6470726173873387
2022-06-08,1.6444353350070493
2022-06-09,1.641776793923835
2022-06-10,1.638961057211985
2022-06-13,1.6359435952059591
2022-06-14,1.6329824941199882
2022-06-15,1.6300262903907339
2022-06-16,1.6269352885066612
2022-06-17,1.6239120386299117
2022-06-21,1.6313107344952655
2022-06-22,1.628396125970966
2022-06-23,1.6256009826627082
2022-06-24,1.6585126947396391
2022-06-27,1.6558365836136086
2022-06-28,1.653104438901637
2022-06-29,1.6503461650335496
2022-06-30,1.647592532079229
2022-07-01,1.6448989302260308
2022-07-05,1.6421603135137806
2022-07-06,1.6395916313722025
2022-07-07,1.6592979597312802
2022-07-08,1.6568282930162028
2022-07-11,1.6730972340230152
2022-07-12,1.6706163836789194
2022-07-13,1.668060898325256
2022-07-14,1.6655187812636814
2022-07-15,1.6631112097894658
2022-07-18,1.6607403948655326
2022-07-19,1.6583266749997325
2022-07-20,1.655998057070431
2022-07-21,1.6537227493929405
2022-07-22,1.6514623143786367
2022-07-25,1.6492421045562033
2022-07-26,1.6470068920084358
2022-07-27,1.6446531203877606
2022-07-28,1.6423690725360396
2022-07-29,1.6401401408624792
2022-08-01,1.6379621392782655
2022-08-02,1.635810318813412
2022-08-03,1.6645600290138658
2022-08-04,1.662472095045702
2022-08-05,1.6604003554946984
2022-08-08,1.6583528673549686
2022-08-09,1.6563070966164022
2022-08-10,1.6542671469622894
2022-08-11,1.6522601812632334
2022-08-12,1.650260552745421
2022-08-15,1.6483497373395204
2022-08-16,1.6483497373395204
2022-08-17,1.6483497373395204
2022-08-18,1.6465276681302499
2022-08-19,1.6465276681302499
2022-08-22,1.6445918720694934
2022-08-23,1.6427034027584682
2022-08-24,1.6408583271324988
2022-08-25,1.6390477705262698
2022-08-26,1.637121589021684
2022-08-29,1.6351637198450124
2022-08-30,1.6351637198450124
2022-08-31,1.6331758036479904
2022-09-01,1.6311477385602347
2022-09-02,1.629082864190194
2022-09-06,1.627010137056776
2022-09-07,1.6249362431692163
2022-09-08,1.6228834741542582
2022-09-09,1.6208844371128903
2022-09-12,1.6189739891870811
2022-09-13,1.6168058989188043
2022-09-14,1.61464888679984
2022-09-15,1.6125062428786965
2022-09-16,1.610347367911921
2022-09-19,1.6082430869382671
2022-09-20,1.6061966504673983
2022-09-21,1.6040786711519315
2022-09-22,1.6019628105947714
2022-09-23,1.5997923139358219
2022-09-26,1.5976377648509015
2022-09-27,1.5954811801921958
2022-09-28,1.593253694241216
2022-09-29,1.6133761882959936
2022-09-30,1.6110144472835628
2022-10-03,1.6086128839733762
2022-10-04,1.6062732603805276
2022-10-05,1.6039147875388482
2022-10-06,1.6016441322621477
2022-10-07,1.5992166060592872
2022-10-10,1.6111256149540365
2022-10-11,1.6086481668205468
2022-10-12,1.6062506249946737
2022-10-13,1.6035984119012954
2022-10-14,1.6010076416477168
2022-10-17,1.598370182912565
2022-10-18,1.5958093475062567
2022-10-19,1.5932671421891034
2022-10-20,1.590744176562368
2022-10-21,1.588175335601123
2022-10-24,1.5856891458190767
2022-10-25,1.5832960173528943
2022-10-26,1.5809126714342316
2022-10-27,1.578563387487752
2022-10-28,1.5761466649135725
2022-10-31,1.5761466649135725
2022-11-01,1.5761466649135725
2022-11-02,1.573691829670581
2022-11-03,1.573691829670581
2022-11-04,1.5712059391351618
2022-11-07,1.5688022599899518
2022-11-08,1.5664361307152161
2022-11-09,1.5640824291366642
2022-11-10,1.5615552272028896
2022-11-11,1.559103215812777
2022-11-14,1.5567548816899603
2022-11-15,1.5567548816899603
2022-11-16,1.5544922124445333
2022-11-17,1.5718357562408274
2022-11-18,1.5696217500484002
2022-11-21,1.5674612004579276
2022-11-22,1.5653268233737434
2022-11-23,1.5632945249324144
2022-11-25,1.561351470216555
2022-11-28,1.5594337541404957
2022-11-29,1.557542727934037
2022-11-30,1.5555038389803624
2022-12-01,1.5535890014649594
2022-12-02,1.55167383310716
2022-12-05,1.5497701318216779
2022-12-06,1.547825985453557
2022-12-07,1.545904939562397
2022-12-08,1.5440077134064343
2022-12-09,1.542169277624619
2022-12-12,1.5403639675711043
2022-12-13,1.5385381711329325
2022-12-14,1.5366471100138113
2022-12-15,1.534622416876685
2022-12-16,1.5326001447307271
2022-12-19,1.530580086477934
2022-12-20,1.528579037704291
2022-12-21,1.5266160463742826
2022-12-22,1.5384477412163637
2022-12-23,1.5363872650102066
2022-12-27,1.5501381654457662
2022-12-28,1.5481182059691923
2022-12-29,1.5673395842007711
2022-12-30,1.5653166682402273
2023-01-03,1.5632910797881874
2023-01-04,1.5612754012761918
2023-01-05,1.5592812207405544
2023-01-06,1.5572266400486086
2023-01-09,1.5552251032719326
2023-01-10,1.553280220122418
2023-01-11,1.5513809884231977
2023-01-12,1.5495007000625594
2023-01-13,1.5476464818228064
2023-01-17,1.5458714222865912
2023-01-18,1.5440930114002924
2023-01-19,1.5423152257678778
2023-01-20,1.5404918290038694
2023-01-23,1.538686511839091
2023-01-24,1.536973278417582
2023-01-25,1.5352085227809127
2023-01-26,1.5334982830345725
2023-01-27,1.5507656441116118
2023-01-30,1.5490283844380086
2023-01-31,1.5473133544687847
2023-02-01,1.5455133962704737
2023-02-02,1.5436854349035136
2023-02-03,1.5418268592811657
2023-02-06,1.5400127721354635
2023-02-07,1.5400127721354635
2023-02-08,1.5400127721354635
2023-02-09,1.572353393435861
2023-02-10,1.570453672602333
2023-02-13,1.5685814322128815
2023-02-14,1.5667182152229284
2023-02-15,1.5649066971647672
2023-02-16,1.563098912290276
2023-02-17,1.5612984781392247
2023-02-21,1.5594599429788403
2023-02-22,1.5576568892869809
2023-02-23,1.5558821984628575
2023-02-24,1.554068435692964
2023-02-27,1.5523022263906885
2023-02-28,1.5505837971316412
2023-03-01,1.5489050960138169
2023-03-02,1.5472037319660048
2023-03-03,1.5455292487414574
2023-03-06,1.5439180557521386
2023-03-07,1.5423117464634901
2023-03-08,1.5407262125309127
2023-03-09,1.5390886632151344
2023-03-10,1.5373886706183166
2023-03-13,1.5355991443739996
2023-03-14,1.5338362809254609
2023-03-15,1.5320852167853494
2023-03-16,1.5302778960031
2023-03-17,1.5302778960031
2023-03-20,1.5285569214192647
2023-03-21,1.5268917282645118
2023-03-22,1.5251795207404069
2023-03-23,1.5234392521904028
2023-03-24,1.5217355319664356
2023-03-27,1.5200748336947452
2023-03-28,1.5208381180067585
2023-03-29,1.5192140314229863
2023-03-30,1.5176549413784934
2023-03-31,1.537679463235401
2023-04-03,1.5361686794848572
2023-04-04,1.5346958913546993
2023-04-05,1.5440982062988478
2023-04-06,1.5425896680523552
2023-04-10,1.5411014211938094
2023-04-11,1.5396778607084873
2023-04-12,1.5619061833463972
2023-04-13,1.5604214989582752
2023-04-14,1.5589606347002805
2023-04-17,1.5575424297070153
2023-04-18,1.5561592417173422
2023-04-19,1.5547907901393632
2023-04-20,1.553432993701282
2023-04-21,1.5521019173863106
2023-04-24,1.5507902693256803
2023-04-25,1.5494477678103682
2023-04-26,1.5480964180090206
2023-04-27,1.5466839188745436
2023-04-28,1.545317273969416
2023-05-01,1.545317273969416
2023-05-02,1.5440061994230352
2023-05-03,1.542679863485217
2023-05-04,1.541373147143019
2023-05-05,1.5608830053290323
2023-05-08,1.5595739664108625
2023-05-09,1.5595739664108625
2023-05-10,1.55832180563972
2023-05-11,1.5571032007892314
2023-05-12,1.5558983459962215
2023-05-15,1.5547120141957889
2023-05-16,1.5535571227871672
2023-05-17,1.5524008910430227
2023-05-18,1.5764101029670152
2023-05-19,1.5764101029670152
2023-05-22,1.5752926067205841
2023-05-23,1.5741655166292474
2023-05-24,1.5730319180939505
2023-05-25,1.571832079655779
2023-05-26,1.6057404837369027
2023-05-30,1.6044754503938112
2023-05-31,1.6032121142474736
2023-06-01,1.601913756847401
2023-06-02,1.6006653842408065
2023-06-05,1.5994377526423096
2023-06-06,1.5982356541371272
2023-06-07,1.5969788380339336
2023-06-08,1.5969788380339336
2023-06-09,1.5957260812869598
2023-06-12,1.5944587386658329
2023-06-13,1.593232789975207
2023-06-14,1.5919930934191455
2023-06-15,1.5907160272120462
2023-06-16,1.6045576946404283
2023-06-20,1.603293077670877
2023-06-21,1.602010982278248
2023-06-22,1.6236199865533094
2023-06-23,1.622298219761583
2023-06-26,1.6209447278558895
2023-06-27,1.6195587626958388
2023-06-28,1.6182004657351192
2023-06-29,1.6168934375731916
2023-06-30,1.6245416961136485
2023-07-03,1.62328030996668
2023-07-05,1.6261389775814399
2023-07-06,1.6248773882304743
2023-07-07,1.6248773882304743
2023-07-10,1.6236501199222664
2023-07-11,1.6224405551349157
2023-07-12,1.6224405551349157
2023-07-13,1.6212093473108014
2023-07-14,1.6199983362589294
2023-07-17,1.6187976363888228
2023-07-18,1.6175676836690764
2023-07-19,1.6163768667978562
2023-07-20,1.6151095163286289
2023-07-21,1.6138407634207617
2023-07-24,1.612597713889509
2023-07-25,1.611371610188617
2023-07-26,1.610159414905426
2023-07-27,1.6089035572067762
2023-07-28,1.6076011115310898
2023-07-31,1.606353161168224
2023-08-01,1.606353161168224
2023-08-02,1.622512189114168
2023-08-03,1.621199974961636
2023-08-04,1.6198863636059853
2023-08-07,1.6185894819315334
2023-08-08,1.6199592977931951
2023-08-09,1.6382516865811214
2023-08-10,1.6368887570063608
2023-08-11,1.635533417038602
2023-08-14,1.635533417038602
2023-08-15,1.6341995762355788
2023-08-16,1.6328586830658776
2023-08-17,1.6540743067088646
2023-08-18,1.6526804683500145
2023-08-21,1.651288761176632
2023-08-22,1.6639961925038977
2023-08-23,1.6626125098033833
2023-08-24,1.7057757531257767
2023-08-25,1.704222748763069
2023-08-28,1.7027282544145623
2023-08-29,1.7011854235360955
2023-08-30,1.6997154285839702
2023-08-31,1.698303067880501
2023-09-01,1.708712911460172
2023-09-05,1.707337578330776
2023-09-06,1.7059654915626508
2023-09-07,1.7045667001071214
2023-09-08,1.7032186043512956
2023-09-11,1.701885235701899
2023-09-12,1.700564973192605
2023-09-13,1.6992587614691268
2023-09-14,1.6979718651544524
2023-09-15,1.6966475666698404
2023-09-18,1.6953500424735848
2023-09-19,1.6953500424735848
2023-09-20,1.6940410006853013
2023-09-21,1.6926715968583148
2023-09-22,1.6913135403189832
2023-09-25,1.689969630728932
2023-09-26,1.6886052321617837
2023-09-27,1.6872294761604218
2023-09-28,1.6858207053475902
2023-09-29,1.6858207053475902
2023-10-02,1.6844315126960592
2023-10-03,1.682998222920206
2023-10-04,1.6815527864759625
2023-10-05,1.680129091033479
2023-10-06,1.6785992140742707
2023-10-09,1.6770840566981569
2023-10-10,1.6770840566981569
2023-10-11,1.6756667687038198
2023-10-12,1.6756667687038198
2023-10-13,1.674212687075038
2023-10-16,1.672760685872557
2023-10-17,1.6712921187458865
2023-10-18,1.669824118891295
2023-10-19,1.668330711737854
2023-10-20,1.6668179090211812
2023-10-23,1.6652446748909713
2023-10-24,1.6637268509563026
2023-10-25,1.6621377877383838
2023-10-26,1.660494739928493
2023-10-27,1.6588610019562604
2023-10-30,1.6572553788887374
2023-10-31,1.6556756335958942
2023-11-01,1.6785540147133031
2023-11-02,1.6769923009375285
2023-11-03,1.6754555368287698
2023-11-06,1.6739879344445758
2023-11-07,1.672545161346438
2023-11-08,1.6711608049455686
2023-11-09,1.6697813553078336
2023-11-10,1.6683508231883641
2023-11-13,1.6669801562019337
2023-11-14,1.6728443486374587
2023-11-15,1.6714903373149177
2023-11-16,1.6701751286232294
2023-11-17,1.6701751286232294
2023-11-20,1.668909117625896
2023-11-21,1.6676664628081892
2023-11-22,1.6664430023126056
2023-11-24,1.665265450823833
2023-11-27,1.6641157771170096
2023-11-28,1.6629984154261344
2023-11-29,1.6618931897938582
2023-11-30,1.660777695476359
2023-12-01,1.6596555199834915
2023-12-04,1.658491675151577
2023-12-05,1.658491675151577
2023-12-06,1.6573288400172916
2023-12-07,1.656145519860812
2023-12-08,1.6694645155791654
2023-12-11,1.6683048183424
2023-12-12,1.667159139673443
2023-12-13,1.6660174286670366
2023-12-14,1.6648739647515152
2023-12-15,1.6637538118281472
2023-12-18,1.662653182323271
2023-12-19,1.6615973858873405
2023-12-20,1.6604993498542766
2023-12-21,1.6593930565589832
2023-12-22,1.6593930565589832
2023-12-26,1.658335664559808
2023-12-27,1.6573249933708454
2023-12-28,1.6563510959872705
2023-12-29,1.6563510959872705
2024-01-02,1.6552904618848758
2024-01-03,1.6552904618848758
2024-01-04,1.6542237780017162
2024-01-05,1.6531624321230358
2024-01-08,1.6787835889269604
2024-01-09,1.677657932580227
2024-01-10,1.6765487294777408
2024-01-11,1.6754183408493497
2024-01-12,1.6743135350020288
2024-01-16,1.6732127114613526
2024-01-17,1.6720748413046176
2024-01-18,1.670933636140242
2024-01-19,1.670933636140242
2024-01-22,1.6698047899205515
2024-01-23,1.6686958060136758
2024-01-24,1.667581347427562
2024-01-25,1.666470613921486
2024-01-26,1.665378985886273
2024-01-29,1.6642901509329504
2024-01-30,1.663224670726742
2024-01-31,1.6620947178882894
2024-02-01,1.660955243264613
2024-02-02,1.6811164322027343
2024-02-05,1.6799566479577988
2024-02-06,1.6863732514995706
2024-02-07,1.6852161645090322
2024-02-08,1.6841084333361174
2024-02-09,1.6830054932936571
2024-02-12,1.6819195405399812
2024-02-13,1.6819195405399812
2024-02-14,1.6819195405399812
2024-02-15,1.6807824795562702
2024-02-16,1.6796492149326812
2024-02-20,1.6784769284923575
2024-02-21,1.6772888990757373
2024-02-22,1.6760132046332148
2024-02-23,1.6747722611187494
2024-02-26,1.6747722611187494
2024-02-27,1.6736100659879223
2024-02-28,1.6736100659879223
2024-02-29,1.6724833712473164
2024-03-01,1.671331730207334
2024-03-04,1.6702337388014967
2024-03-05,1.669054438649873
2024-03-06,1.6678722670180675
2024-03-07,1.6666665757078913
2024-03-08,1.6654110275059546
2024-03-11,1.664161708207921
2024-03-12,1.6628979142670968
2024-03-13,1.6616631821425478
2024-03-14,1.6616631821425478
2024-03-15,1.6616631821425478
2024-03-18,1.6603964124548851
2024-03-19,1.6591235456778088
2024-03-20,1.6578634554069098
2024-03-21,1.6566344176057541
2024-03-22,1.6554376249074567
2024-03-25,1.654266161952899
2024-03-26,1.653122597796618
2024-03-27,1.654391031067441
2024-03-28,1.6532992069804302
2024-04-01,1.6522219586972964
2024-04-02,1.6511059394125924
2024-04-03,1.649994086617826
2024-04-04,1.6488125773421147
2024-04-05,1.6475763507610737
2024-04-08,1.6463863355972008
2024-04-09,1.64519994843427
2024-04-10,1.6439987019182978
2024-04-11,1.6439987019182978
2024-04-12,1.6427382913004893
2024-04-15,1.641398891020267
2024-04-16,1.6400663327229141
2024-04-17,1.6387130068075635
2024-04-18,1.6373545253781778
2024-04-19,1.635931693300605
2024-04-22,1.6344862126552002
2024-04-23,1.6344862126552002
2024-04-24,1.6344862126552002
2024-04-25,1.6330318146804774
2024-04-26,1.6315938575948568
2024-04-29,1.6302149607953018
2024-04-30,1.6288102532813775
2024-05-01,1.6273413172336773
2024-05-02,1.6258765360594745
2024-05-03,1.624410034406242
2024-05-06,1.6229861064282143
2024-05-07,1.6216364043129774
2024-05-08,1.6288583770024272
2024-05-09,1.6275816831806456
2024-05-10,1.6263471808932561
2024-05-13,1.6251601076551345
2024-05-14,1.623997351262367
2024-05-15,1.6228303521867438
2024-05-16,1.6217115231040167
2024-05-17,1.6206219703710678
2024-05-20,1.627201405137534
2024-05-21,1.626160240422931
2024-05-22,1.6251435797685718
2024-05-23,1.624087581037163
2024-05-24,1.6230201202662686
2024-05-28,1.6219894526641827
2024-05-29,1.6209640841335886
2024-05-30,1.6199199435678011
2024-05-31,1.618815030943425
2024-06-03,1.6176913528574937
2024-06-04,1.616576903387343
2024-06-05,1.615430214199647
2024-06-06,1.615430214199647
2024-06-07,1.6143590256315012
2024-06-10,1.613312076441973
2024-06-11,1.6122597337864841
2024-06-12,1.611189415650928
2024-06-13,1.611189415650928
2024-06-14,1.6101724429510578
2024-06-17,1.6091203159749679
2024-06-18,1.6081190568218027
2024-06-20,1.6070963435083991
2024-06-21,1.6070963435083991
2024-06-24,1.6060736518728371
2024-06-25,1.6050405354289716
2024-06-26,1.6040453955704164
2024-06-27,1.6030745299901754
2024-06-28,1.6020620100016072
2024-07-01,1.6010349785463713
2024-07-02,1.5999979121211212
2024-07-03,1.5989772484984794
2024-07-05,1.5979603141030274
2024-07-08,1.596988477311267
2024-07-09,1.5960418287000364
2024-07-10,1.5950889530965375
2024-07-11,1.5950889530965375
2024-07-12,1.5950889530965375
2024-07-15,1.5940157165004576
2024-07-16,1.5929533952475603
2024-07-17,1.5917683338354378
2024-07-18,1.5905431176546552
2024-07-19,1.5892958197302824
2024-07-22,1.5880355087115414
2024-07-23,1.5868120913946806
2024-07-24,1.6173463408303437
2024-07-25,1.6158480353565434
2024-07-26,1.6143501285465345
2024-07-29,1.6128858351975006
2024-07-30,1.6113671008851234
2024-07-31,1.6097621240825253
2024-08-01,1.6080460136037422
2024-08-02,1.606166923798809
2024-08-05,1.6039942389683084
2024-08-06,1.6018546698476737
2024-08-07,1.5997158264219582
2024-08-08,1.5975108625803836
2024-08-09,1.5954072774336725
2024-08-12,1.5933929948351648
2024-08-13,1.5913939198986842
2024-08-14,1.5894729453878107
2024-08-15,1.607850590519406
2024-08-16,1.606003019428429
2024-08-19,1.6041921176656257
2024-08-20,1.6024748933785962
2024-08-21,1.600810767803911
2024-08-22,1.600810767803911
2024-08-23,1.5991301526099235
2024-08-26,1.5974847766372307
2024-08-27,1.5958557601413528
2024-08-28,1.5958557601413528
2024-08-29,1.5942383058044158
2024-08-30,1.59265039637546
2024-09-03,1.6262703924044248
2024-09-04,1.6245297849118654
2024-09-05,1.6228129097001267
2024-09-06,1.6210490112765386
2024-09-09,1.6192980981734901
2024-09-10,1.617588503270639
2024-09-11,1.6157723641989206
2024-09-12,1.6140272951790986
2024-09-13,1.6123635917334473
2024-09-16,1.6107376419956883
2024-09-17,1.6091557436462884
2024-09-18,1.6075776843292648
2024-09-19,1.6059518454582031
2024-09-20,1.60437509886558
2024-09-23,1.602874240456113
2024-09-24,1.6014057141140479
2024-09-25,1.6000020450124224
2024-09-26,1.6084875647847405
2024-09-27,1.619074135532571
2024-09-30,1.6177159153553107
2024-10-01,1.633192716904453
2024-10-02,1.633192716904453
2024-10-03,1.6318128307854383
2024-10-04,1.6304644801041477
2024-10-07,1.6291226571386304
2024-10-08,1.6277695732111321
2024-10-09,1.6264483624153283
2024-10-10,1.6251628511804377
2024-10-11,1.6251628511804377
2024-10-14,1.623941245818781
2024-10-15,1.6226885749158029
2024-10-16,1.6214511179378157
2024-10-17,1.620239365128771
2024-10-18,1.6190557045334062
2024-10-21,1.6178922791030868
2024-10-22,1.6178922791030868
2024-10-23,1.6166854144228437
2024-10-24,1.615498321452156
2024-10-25,1.6143076564701921
2024-10-28,1.6131580879005876
2024-10-29,1.6119888318724782
2024-10-30,1.6108534978614109
2024-10-31,1.6096270848670378
2024-11-01,1.6083915717783024
2024-11-04,1.6071731863030276
2024-11-05,1.6059622414225228
2024-11-06,1.6046956044431893
2024-11-07,1.6034319174710971
2024-11-08,1.6022335076540037
2024-11-11,1.6058299555860345
2024-11-12,1.6058299555860345
2024-11-13,1.604694444977875
2024-11-14,1.6035765540586635
2024-11-15,1.6223098898990236
2024-11-18,1.6210721958044305
2024-11-19,1.6210721958044305
2024-11-20,1.6198473252819996
2024-11-21,1.6185992484851293
2024-11-22,1.6173924524133159
2024-11-25,1.6161925287335772
2024-11-26,1.6150304036870662
2024-11-27,1.6204171573239496
2024-11-29,1.6192542776147787
2024-12-02,1.6181092945669633
2024-12-03,1.6258719314737518
2024-12-04,1.6247660668511668
2024-12-05,1.6247660668511668
2024-12-06,1.63490406223778
2024-12-09,1.6338651895911143
2024-12-10,1.6328213463023915
2024-12-11,1.6467291735853604
2024-12-12,1.6456651925936543
2024-12-13,1.6446029366023747
2024-12-16,1.6435191509704077
2024-12-17,1.6424642170107366
2024-12-18,1.6412347992233827
2024-12-19,1.6412347992233827
2024-12-20,1.6398499861507154
2024-12-23,1.6385025040345649
2024-12-24,1.6385025040345649
2024-12-26,1.637214467015394
2024-12-27,1.6358713019087598
2024-12-30,1.6344710437080536
2024-12-31,1.633087962861036
2025-01-02,1.631661199744278
2025-01-03,1.6302267100364718
2025-01-06,1.6288110990870892
2025-01-07,1.6273478024852008
2025-01-08,1.6258875036913327
2025-01-10,1.6371299847202447
2025-01-13,1.6371299847202447
2025-01-14,1.6371299847202447
2025-01-15,1.6355921259676967
2025-01-16,1.6340993037683098
2025-01-17,1.6325987649457132
2025-01-21,1.631141774964805
2025-01-22,1.6296981448664742
2025-01-23,1.6283001362918785
2025-01-24,1.626941201035492
2025-01-27,1.6254076942240243
2025-01-28,1.6238518882268955
2025-01-29,1.6223556909267638
2025-01-30,1.6208778487167725
2025-01-31,1.619398028099126
2025-02-03,1.6178543089725443
2025-02-04,1.6340666229646699
2025-02-05,1.6325845070206972
2025-02-06,1.631170222492277
2025-02-07,1.6297528239977497
2025-02-10,1.6283369295462602
2025-02-11,1.626972254011991
2025-02-12,1.6256076616541415
2025-02-13,1.6242670333967633
2025-02-14,1.6229915149477159
2025-02-18,1.6237640244988172
2025-02-19,1.6225676162355425
2025-02-20,1.6213726376746243
2025-02-21,1.6201189266042813
2025-02-24,1.6436802551658338
2025-02-25,1.6423115269956128
2025-02-26,1.640931443999834
2025-02-27,1.6394362753000946
2025-02-28,1.6378442175178722
2025-03-03,1.636179885892423
2025-03-04,1.6343809371331552
2025-03-05,1.632567347458983
2025-03-06,1.6306783952444959
2025-03-07,1.6287520963251974
2025-03-10,1.62665306266813
2025-03-11,1.62665306266813
2025-03-12,1.624576960962237
2025-03-13,1.6505577393012978
2025-03-14,1.6484348579583787
2025-03-17,1.646381034953688
2025-03-18,1.6579560396350497
2025-03-19,1.6558914983356223
2025-03-20,1.6538744060165267
2025-03-21,1.6538744060165267
2025-03-24,1.6519207691794995
2025-03-25,1.6519207691794995
2025-03-26,1.6500756087004098
2025-03-27,1.648242572415335
2025-03-28,1.6463574066290083
2025-03-31,1.6443655112997133
2025-04-01,1.6424260906657153
2025-04-02,1.6699704235216268
2025-04-03,1.6677258622538744
2025-04-04,1.6651614905671215
2025-04-07,1.6620072530423444
2025-04-08,1.6588253358960292
2025-04-09,1.6549724606621061
2025-04-10,1.651261052674978
2025-04-11,1.6475475878829746
2025-04-14,1.6685685695252115
2025-04-15,1.6651877860931767
2025-04-16,1.6617150745350577
2025-04-17,1.6583677756141415
2025-04-21,1.6549956494482105
2025-04-22,1.6516618944993833
2025-04-23,1.6484610730914273
2025-04-24,1.645299531339422
2025-04-25,1.642331531316351
2025-04-28,1.6394872182162175
2025-04-29,1.6367507685264542
2025-04-30,1.6340013275908687
2025-05-01,1.6313843172074187
2025-05-02,1.6313843172074187
2025-05-05,1.6289599122435283
2025-05-06,1.626588431185033
2025-05-07,1.626588431185033
2025-05-08,1.6243474534537414
2025-05-09,1.6222139889590583
2025-05-12,1.6200502297470256
2025-05-13,1.6376429343824133
2025-05-14,1.635654301465502
2025-05-15,1.633720626459846
2025-05-16,1.6318760646655281
2025-05-19,1.6528523467218577
2025-05-20,1.6510795320412337
2025-05-21,1.6492856727444403
2025-05-22,1.6475366502959652
2025-05-23,1.6457932739662575
2025-05-27,1.6440509045797411
2025-05-28,1.6423890431086892
2025-05-29,1.6574536849948773
2025-05-30,1.655785235018287
2025-06-02,1.6541492219328324
2025-06-03,1.6525641363554768
2025-06-04,1.6510575378672074
2025-06-05,1.6495394062354398
2025-06-06,1.6480432506193343
2025-06-09,1.6466106894175028
2025-06-10,1.6452101375827275
2025-06-11,1.6438382810428955
2025-06-12,1.642508634693258
2025-06-13,1.6411751604131393
2025-06-16,1.639842134362323
2025-06-17,1.6385285501645173
2025-06-18,1.6372370059610701
2025-06-20,1.635944440521881
2025-06-23,1.6346263981529208
2025-06-24,1.6333251813410778
2025-06-25,1.6320795284493463
2025-06-26,1.6308580129485615
2025-06-27,1.6296681927788395
2025-06-30,1.6285131541893116
2025-07-01,1.6285131541893116
2025-07-02,1.6411317804429661
2025-07-03,1.6400063374790383
2025-07-07,1.638886715213652
2025-07-08,1.6378084534573203
2025-07-09,1.6367496318944788
2025-07-10,1.6357122924208252
2025-07-11,1.634698806159977
2025-07-14,1.6336949976785593
2025-07-15,1.63271654791797
2025-07-16,1.6317291841503485
2025-07-17,1.6307545188858434
2025-07-18,1.635424472133108
2025-07-21,1.6382673164192332
2025-07-22,1.637334040066109
2025-07-23,1.6364136751969245
2025-07-24,1.6355267721691809
2025-07-25,1.6346610595270432
2025-07-28,1.6338273452204128
2025-07-29,1.6329934358671887
2025-07-30,1.6329934358671887
2025-07-31,1.6320998172438907
2025-08-01,1.631101330047257
2025-08-04,1.6431438984856677
2025-08-05,1.6421016493560165
2025-08-06,1.6410445318766889
2025-08-07,1.6399878216559636
2025-08-08,1.6513787734078682
2025-08-11,1.650344254669624
2025-08-12,1.6493000633646384
2025-08-13,1.6482902544980875
2025-08-14,1.647299708248395
2025-08-15,1.6463282613242112
2025-08-18,1.6453921061342118
2025-08-19,1.644420392264577
2025-08-20,1.643392217527399
2025-08-21,1.6423683335477761
2025-08-22,1.64129925308342
2025-08-25,1.6402669459889794
2025-08-26,1.6392606107236927
2025-08-27,1.6382801972971686
2025-08-28,1.637313185334149
2025-08-29,1.6486680576207264
2025-09-02,1.647596256909121
2025-09-03,1.64654445167236
2025-09-04,1.6454989122884294
2025-09-05,1.6444365925884943
2025-09-08,1.6433936070075945
2025-09-09,1.6423798323264533
2025-09-10,1.6413838202434556
2025-09-11,1.6404111029490904
2025-09-12,1.639465446388265
2025-09-15,1.6468307592174705
2025-09-16,1.6493276871446558
2025-09-17,1.648413328347053
2025-09-18,1.6474827647643875
2025-09-19,1.6465680265682487
2025-09-22,1.6456643985511643
2025-09-23,1.656480665012432
2025-09-24,1.6555666522352486
2025-09-25,1.654624941063351
2025-09-26,1.653697925068721
2025-09-29,1.6527771181320619
2025-09-30,1.6518662571165237
2025-10-01,1.6509420904575354
2025-10-02,1.6514153258716677
2025-10-03,1.650519471914738
2025-10-06,1.6496210705776535
2025-10-07,1.6496210705776535
2025-10-08,1.663198132859564
2025-10-09,1.6638617905300455
2025-10-10,1.6627828866257062
2025-10-13,1.661618642097107
2025-10-14,1.6603971430742945
2025-10-15,1.6591679945800437
2025-10-16,1.6579006509585514
2025-10-17,1.6566134009976823
2025-10-20,1.6640775017667613
2025-10-21,1.6628571506012708
2025-10-22,1.661599831915538
2025-10-23,1.6760445951590532
2025-10-24,1.6748134120422105
2025-10-27,1.6735676791510885
2025-10-28,1.6723527815874992
2025-10-29,1.6711636259537301
2025-10-30,1.6699497747300365
2025-10-31,1.668744436580175
2025-11-03,1.668744436580175
2025-11-04,1.6674834584139975
2025-11-05,1.6662080431622914
2025-11-06,1.66489964086255
2025-11-07,1.663523746409572
2025-11-10,1.6621254841248703
2025-11-11,1.660769353032049
2025-11-12,1.659439710213437
2025-11-13,1.658043593409721
2025-11-14,1.656541045185122
2025-11-17,1.6550417830340172
2025-11-18,1.6535035808516914
2025-11-19,1.6519488241083526
2025-11-20,1.650247703657043
2025-11-21,1.6484395014173332
2025-11-24,1.646622811105337
2025-11-25,1.646622811105337
2025-11-26,1.6448935402483114
2025-11-28,1.6432430229968324
2025-12-01,1.6416330785231186
2025-12-02,1.640083664912987
2025-12-03,1.6385779002880496
2025-12-04,1.6371280859505104
2025-12-05,1.6357294530156674
2025-12-08,1.6343620070577467
2025-12-09,1.6330287976782267
2025-12-10,1.63170970425705
2025-12-11,1.6303848891376895
2025-12-12,1.6290158120510183
2025-12-15,1.627640133733719
2025-12-16,1.6262802201876527
2025-12-17,1.65850435828499
2025-12-18,1.6570527538282487
2025-12-19,1.6556270364810395
2025-12-22,1.6542602532208979
2025-12-23,1.652940984302966
2025-12-24,1.6516911473573703
2025-12-26,1.6516911473573703
2025-12-29,1.650527433243714
2025-12-30,1.649412512904087
2025-12-31,1.6483125871467703
2026-01-02,1.647165125862055
2026-01-05,1.6460165750952056
2026-01-06,1.6448886232363835
2026-01-07,1.6437910994106173
2026-01-08,1.6427020861320538
2026-01-09,1.6416000279014324
2026-01-12,1.6405155166465837
2026-01-13,1.6394530646466206
2026-01-14,1.6383440182698192
2026-01-15,1.637215070147322
2026-01-16,1.637215070147322
2026-01-20,1.6360120605412531
2026-01-21,1.6347604464038614
2026-01-22,1.6335544008629552
2026-01-23,1.6323619862731344
2026-01-26,1.6369332360683966
2026-01-27,1.6357953371697802
2026-01-28,1.6357953371697802
2026-01-29,1.6420556243225017
2026-01-30,1.6408477326684678
2026-02-02,1.6396166077293217
2026-02-03,1.6382997161168318
2026-02-04,1.6368907505385124
2026-02-05,1.6354469204464777
2026-02-06,1.633963688080792
2026-02-09,1.6324811688999263
2026-02-10,1.631058675903567
2026-02-11,1.6296401020924884
2026-02-12,1.6281619254091866
2026-02-13,1.6266523363359504
2026-02-17,1.625144237452379
2026-02-18,1.623651415415922
2026-02-19,1.623651415415922
2026-02-20,1.6411156781860885
2026-02-23,1.6396644048269557
2026-02-24,1.6382066379024522
2026-02-25,1.6487223398287756
2026-02-26,1.6472700618076872
2026-02-27,1.6458267429714877
2026-03-02,1.6443619662685525
2026-03-03,1.6428199774255754
2026-03-04,1.6412981255492125
2026-03-05,1.6397853541733414
2026-03-06,1.6382509332935211
2026-03-09,1.6366311685393888
2026-03-10,1.6350777330479689
2026-03-11,1.6335616033680536
2026-03-12,1.6320304023088996
2026-03-13,1.6304874967146357
2026-03-16,1.6289520665215584
2026-03-17,1.6274752346810997
2026-03-18,1.6260067624479118
2026-03-19,1.624519386366889
2026-03-20,1.6229928882423432
2026-03-23,1.6214391225138207
2026-03-24,1.6199189668014788
2026-03-25,1.6184377703962614
2026-03-26,1.6168955793085733
2026-03-27,1.615302379529901
2026-03-30,1.6380157816611098
2026-03-31,1.6362740411168224
2026-04-01,1.6345909679354906
2026-04-02,1.6328560709424662
2026-04-06,1.631217609336804
2026-04-07,1.6295769634730712
2026-04-08,1.6344703037567367
2026-04-09,1.6328212466544711
2026-04-10,1.6312641611890346
2026-04-13,1.6312641611890346
2026-04-14,1.6491317332763786
2026-04-15,1.6491317332763786
2026-04-16,1.6476094830827515
2026-04-17,1.6461174072559734
2026-04-20,1.644676547797559
2026-04-21,1.6432579391100004
2026-04-22,1.64183819572582
2026-04-23,1.6404204619757095
2026-04-24,1.6389924404206235
2026-04-27,1.6376346885881745
2026-04-28,1.6362647838047286
2026-04-29,1.6349417104297561
2026-04-30,1.6336159007712543
2026-05-01,1.6397550805707448
2026-05-04,1.6384796644825195
2026-05-05,1.644909354437714
2026-05-06,1.6436155122450566
2026-05-07,1.6423414171742734
2026-05-08,1.663703278523968
2026-05-11,1.6624304146602567
2026-05-12,1.6610934132913207
2026-05-13,1.659749954357017
2026-05-14,1.658444179157688
2026-05-15,1.6570962887654235
2026-05-18,1.6677695563921238
2026-05-19,1.6663770441488805
2026-05-20,1.664988413716373
2026-05-21,1.6636127310763267
2026-05-22,1.6622827793795047
2026-05-26,1.6609377171284712
2026-05-27,1.6661849731940563
2026-05-28,1.664872891340976
2026-05-29,1.6636117257280962
2026-06-01,1.6623577358351662
2026-06-02,1.6611337342095098
2026-06-03,1.659939322781142
2026-06-04,1.6587180350639732
2026-06-05,1.6572742602017927
2026-06-08,1.6557536180066872
2026-06-09,1.6540251953596878
2026-06-10,1.6522132066935573
2026-06-11,1.6503123204381207
2026-06-12,1.6484764705300192
2026-06-15,1.659980880554149
2026-06-16,1.6581438858285202
2026-06-17,1.656293996145726
2026-06-18,1.6544193688500701
2026-06-22,1.6526027138896844
2026-06-23,1.6506420894640212
