date,ret
2016-01-04,100000.0
2016-01-05,100109.80269989616
2016-01-06,99020.90003344584
2016-01-07,96447.92538474052
2016-01-08,96828.83466018116
2016-01-11,97788.36191424506
2016-01-12,97788.36191424506
2016-01-13,98441.53650599433
2016-01-14,98939.67466425624
2016-01-15,98939.67466425624
2016-01-19,100101.75997616604
2016-01-20,98378.36310727631
2016-01-21,98378.36310727631
2016-01-22,101566.98614493546
2016-01-25,100977.82936408882
2016-01-26,101938.0010735955
2016-01-27,101938.0010735955
2016-01-28,104336.57776463026
2016-01-29,105573.81114012796
2016-02-01,105573.81114012796
2016-02-02,105573.81114012796
2016-02-03,106876.68637584047
2016-02-04,106876.68637584047
2016-02-05,106876.68637584047
2016-02-08,105265.7443131269
2016-02-09,103587.19187535591
2016-02-10,104177.86595732444
2016-02-11,101903.74508112342
2016-02-12,103265.20969241095
2016-02-16,103265.20969241095
2016-02-17,104359.54645612142
2016-02-18,104359.54645612142
2016-02-19,104227.53551972039
2016-02-22,104227.53551972039
2016-02-23,104227.53551972039
2016-02-24,103038.40698837618
2016-02-25,103038.40698837618
2016-02-26,103038.40698837618
2016-02-29,103977.95485665719
2016-03-01,103977.95485665719
2016-03-02,103977.95485665719
2016-03-03,103977.95485665719
2016-03-04,103977.95485665719
2016-03-07,103359.58481248668
2016-03-08,103359.58481248668
2016-03-09,104732.11177524489
2016-03-10,105027.01992471768
2016-03-11,106254.12322780272
2016-03-14,106254.12322780272
2016-03-15,105301.98521592986
2016-03-16,104744.9004604447
2016-03-17,104744.9004604447
2016-03-18,104744.9004604447
2016-03-21,104648.39613017676
2016-03-22,104648.39613017676
2016-03-23,104648.39613017676
2016-03-24,103662.02846771531
2016-03-28,103662.02846771531
2016-03-29,103662.02846771531
2016-03-30,103662.02846771531
2016-03-31,104226.95723980549
2016-04-01,102400.99491395522
2016-04-04,102400.99491395522
2016-04-05,100508.37720872741
2016-04-06,99917.62811886931
2016-04-07,99917.62811886931
2016-04-08,101546.69772048868
2016-04-11,102637.56836097478
2016-04-12,103226.01529493259
2016-04-13,103226.01529493259
2016-04-14,103226.01529493259
2016-04-15,102610.12156542517
2016-04-18,102315.64047868014
2016-04-19,102315.64047868014
2016-04-20,102315.64047868014
2016-04-21,102315.64047868014
2016-04-22,102418.27123951446
2016-04-25,102418.27123951446
2016-04-26,103590.14194362133
2016-04-27,103590.14194362133
2016-04-28,103590.14194362133
2016-04-29,104681.43641224188
2016-05-02,104681.43641224188
2016-05-03,102659.27370310634
2016-05-04,101119.15541403196
2016-05-05,102046.30039599973
2016-05-06,101010.75758311278
2016-05-09,101010.75758311278
2016-05-10,101628.41068281561
2016-05-11,101628.41068281561
2016-05-12,101628.41068281561
2016-05-13,100904.25232713988
2016-05-16,101011.05895757952
2016-05-17,101011.05895757952
2016-05-18,101011.05895757952
2016-05-19,100116.07936306826
2016-05-20,100998.0028081242
2016-05-23,100998.0028081242
2016-05-24,101601.56853627977
2016-05-25,101601.56853627977
2016-05-26,102097.12315801952
2016-05-27,102097.12315801952
2016-05-31,102097.12315801952
2016-06-01,100955.33047775704
2016-06-02,100955.33047775704
2016-06-03,100955.33047775704
2016-06-06,100955.33047775704
2016-06-07,101348.25585351422
2016-06-08,101348.25585351422
2016-06-09,101348.25585351422
2016-06-10,99468.6188544404
2016-06-13,98390.82282897508
2016-06-14,97254.24778435491
2016-06-15,97884.89217399828
2016-06-16,97884.89217399828
2016-06-17,97884.89217399828
2016-06-20,97884.89217399828
2016-06-21,98519.72692004894
2016-06-22,99006.1607959855
2016-06-23,99006.1607959855
2016-06-24,99006.1607959855
2016-06-27,98406.91408962791
2016-06-28,100554.43228300898
2016-06-29,100554.43228300898
2016-06-30,100554.43228300898
2016-07-01,100554.43228300898
2016-07-05,98779.44474239864
2016-07-06,98453.79121811886
2016-07-07,98970.84231231044
2016-07-08,100161.14949366031
2016-07-11,100161.14949366031
2016-07-12,101879.76363233078
2016-07-13,102262.87189200957
2016-07-14,103465.90332830328
2016-07-15,103112.02789763319
2016-07-18,102758.12444713344
2016-07-19,102758.12444713344
2016-07-20,102758.12444713344
2016-07-21,102758.12444713344
2016-07-22,102758.12444713344
2016-07-25,102758.12444713344
2016-07-26,102918.03114415318
2016-07-27,103260.10860915972
2016-07-28,103056.55659749253
2016-07-29,103166.96048652583
2016-08-01,103166.96048652583
2016-08-02,103166.96048652583
2016-08-03,102934.91938851352
2016-08-04,102934.91938851352
2016-08-05,103515.22152796977
2016-08-08,103515.22152796977
2016-08-09,103515.22152796977
2016-08-10,103515.22152796977
2016-08-11,104397.04887237982
2016-08-12,104397.04887237982
2016-08-15,105369.00872910445
2016-08-16,105369.00872910445
2016-08-17,104629.96000885674
2016-08-18,104931.88934087945
2016-08-19,104931.88934087945
2016-08-22,104931.88934087945
2016-08-23,105463.30821917288
2016-08-24,105209.57590704558
2016-08-25,105209.57590704558
2016-08-26,105209.57590704558
2016-08-29,105136.65550275812
2016-08-30,105136.65550275812
2016-08-31,104515.44373964878
2016-09-01,104515.44373964878
2016-09-02,104515.44373964878
2016-09-06,104515.44373964878
2016-09-07,104515.44373964878
2016-09-08,104749.95473628612
2016-09-09,103377.05695524532
2016-09-12,101847.80697999125
2016-09-13,101847.80697999125
2016-09-14,101243.3259082825
2016-09-15,101223.07724310085
2016-09-16,100235.47643419546
2016-09-19,100620.25759591264
2016-09-20,101088.31808259466
2016-09-21,101449.97749754165
2016-09-22,101449.97749754165
2016-09-23,101449.97749754165
2016-09-26,101296.34105422732
2016-09-27,102737.08670506782
2016-09-28,102737.08670506782
2016-09-29,102737.08670506782
2016-09-30,103647.36973936475
2016-10-03,104326.59652859179
2016-10-04,104326.59652859179
2016-10-05,104326.59652859179
2016-10-06,104326.59652859179
2016-10-07,104756.55788467653
2016-10-10,107310.26851803789
2016-10-11,107310.26851803789
2016-10-12,107075.30680053316
2016-10-13,105958.83372499948
2016-10-14,105958.83372499948
2016-10-17,106284.69785102975
2016-10-18,106284.69785102975
2016-10-19,106284.69785102975
2016-10-20,106284.69785102975
2016-10-21,105358.34007817825
2016-10-24,105358.34007817825
2016-10-25,105159.1262892575
2016-10-26,103989.51177394706
2016-10-27,104404.56734796235
2016-10-28,104589.815886315
2016-10-31,104855.01778753701
2016-11-01,104855.01778753701
2016-11-02,103737.90814826074
2016-11-03,104227.39102348249
2016-11-04,104233.41520009177
2016-11-07,104233.41520009177
2016-11-08,104233.41520009177
2016-11-09,104233.41520009177
2016-11-10,104233.41520009177
2016-11-11,102074.44717961398
2016-11-14,102074.44717961398
2016-11-15,102074.44717961398
2016-11-16,102074.44717961398
2016-11-17,102074.44717961398
2016-11-18,102257.54158389987
2016-11-21,103374.61542107147
2016-11-22,103374.61542107147
2016-11-23,102246.56911102153
2016-11-25,102246.56911102153
2016-11-28,102246.56911102153
2016-11-29,101992.0790095346
2016-11-30,101992.0790095346
2016-12-01,101564.1779949503
2016-12-02,101780.12960365477
2016-12-05,102382.55409104312
2016-12-06,102382.55409104312
2016-12-07,102382.55409104312
2016-12-08,102382.55409104312
2016-12-09,102382.55409104312
2016-12-12,102382.55409104312
2016-12-13,102362.07758022491
2016-12-14,102362.07758022491
2016-12-15,101542.12450299443
2016-12-16,101542.12450299443
2016-12-19,101320.11492272466
2016-12-20,101155.72555845602
2016-12-21,101106.58451750023
2016-12-22,100038.02303854891
2016-12-23,100038.02303854891
2016-12-27,100038.02303854891
2016-12-28,100653.17748497962
2016-12-29,100653.17748497962
2016-12-30,100653.17748497962
2017-01-03,101321.66607971054
2017-01-04,101068.67899925438
2017-01-05,102194.96860288762
2017-01-06,102233.51660403164
2017-01-09,102034.75562756427
2017-01-10,101440.4409331221
2017-01-11,101389.8449749226
2017-01-12,102068.38823290492
2017-01-13,102352.38370596786
2017-01-17,102352.38370596786
2017-01-18,101727.3510100538
2017-01-19,101919.69713395883
2017-01-20,103215.39336773331
2017-01-23,103215.39336773331
2017-01-24,103215.39336773331
2017-01-25,103215.39336773331
2017-01-26,103215.39336773331
2017-01-27,103777.39433855304
2017-01-30,103777.39433855304
2017-01-31,103727.77974001388
2017-02-01,104374.3737460296
2017-02-02,104994.368595649
2017-02-03,104994.368595649
2017-02-06,104994.368595649
2017-02-07,104944.36575270454
2017-02-08,105040.1763962515
2017-02-09,105040.1763962515
2017-02-10,105040.1763962515
2017-02-13,105040.1763962515
2017-02-14,105132.44975908092
2017-02-15,104400.68469585247
2017-02-16,104400.68469585247
2017-02-17,103810.39804298282
2017-02-21,103810.39804298282
2017-02-22,103810.39804298282
2017-02-23,105561.80600198478
2017-02-24,104841.42359572618
2017-02-27,105327.20762699068
2017-02-28,105362.48195953695
2017-03-01,106401.9132260675
2017-03-02,106401.9132260675
2017-03-03,108466.94486746285
2017-03-06,108466.94486746285
2017-03-07,108466.94486746285
2017-03-08,107599.1754654826
2017-03-09,106530.53056668019
2017-03-10,107957.2673867131
2017-03-13,108049.52488381494
2017-03-14,107628.3657584543
2017-03-15,108092.42453803447
2017-03-16,108092.42453803447
2017-03-17,108647.66524379999
2017-03-20,108647.66524379999
2017-03-21,108647.66524379999
2017-03-22,108245.66888239792
2017-03-23,108245.66888239792
2017-03-24,108245.66888239792
2017-03-27,108245.66888239792
2017-03-28,108245.66888239792
2017-03-29,108674.05065373292
2017-03-30,108674.05065373292
2017-03-31,108335.71263703633
2017-04-03,108473.28466056043
2017-04-04,108473.28466056043
2017-04-05,108473.28466056043
2017-04-06,108293.69584837276
2017-04-07,108852.27610303265
2017-04-10,108852.27610303265
2017-04-11,108852.27610303265
2017-04-12,108672.82490019781
2017-04-13,108916.14600570605
2017-04-17,109401.07354391637
2017-04-18,109401.07354391637
2017-04-19,108980.11353758338
2017-04-20,109548.41411783596
2017-04-21,109548.41411783596
2017-04-24,109548.41411783596
2017-04-25,108474.92378593309
2017-04-26,108474.92378593309
2017-04-27,109759.83432367115
2017-04-28,109925.09454985362
2017-05-01,109925.09454985362
2017-05-02,109925.09454985362
2017-05-03,109925.09454985362
2017-05-04,110116.7637477558
2017-05-05,110176.2278866795
2017-05-08,110176.2278866795
2017-05-09,110370.80847376212
2017-05-10,110370.80847376212
2017-05-11,110370.80847376212
2017-05-12,110614.68806742584
2017-05-15,111604.20367290796
2017-05-16,111604.20367290796
2017-05-17,110436.81464846185
2017-05-18,108211.90101426632
2017-05-19,108211.90101426632
2017-05-22,108211.90101426632
2017-05-23,108530.38308115861
2017-05-24,108530.38308115861
2017-05-25,108530.38308115861
2017-05-26,109025.61143217351
2017-05-30,109025.61143217351
2017-05-31,109082.58204069066
2017-06-01,109299.16844763518
2017-06-02,109299.16844763518
2017-06-05,110384.00221924958
2017-06-06,110384.00221924958
2017-06-07,110777.78226728889
2017-06-08,111483.57271024499
2017-06-09,111225.47055401265
2017-06-12,111225.47055401265
2017-06-13,111225.47055401265
2017-06-14,111225.47055401265
2017-06-15,111225.47055401265
2017-06-16,111225.47055401265
2017-06-19,111225.47055401265
2017-06-20,110971.66653439037
2017-06-21,111131.77721533852
2017-06-22,111973.88002513375
2017-06-23,111973.88002513375
2017-06-26,111973.88002513375
2017-06-27,111973.88002513375
2017-06-28,112728.36230758247
2017-06-29,112728.36230758247
2017-06-30,113175.19218948981
2017-07-03,113175.19218948981
2017-07-05,112475.64088766872
2017-07-06,112475.64088766872
2017-07-07,113574.51199138773
2017-07-10,113574.51199138773
2017-07-11,113574.51199138773
2017-07-12,113574.51199138773
2017-07-13,113853.45581937827
2017-07-14,113853.45581937827
2017-07-17,113853.45581937827
2017-07-18,113853.45581937827
2017-07-19,114052.52559203221
2017-07-20,114029.7150869138
2017-07-21,114029.7150869138
2017-07-24,114029.7150869138
2017-07-25,114575.5742451538
2017-07-26,114702.10553149409
2017-07-27,114702.10553149409
2017-07-28,114578.72543829368
2017-07-31,114578.72543829368
2017-08-01,114934.29039824335
2017-08-02,114581.90632341387
2017-08-03,114581.90632341387
2017-08-04,115088.1784252791
2017-08-07,114863.03007007655
2017-08-08,114863.03007007655
2017-08-09,113302.83832534496
2017-08-10,113302.83832534496
2017-08-11,113305.45164532778
2017-08-14,113305.45164532778
2017-08-15,113305.45164532778
2017-08-16,113305.45164532778
2017-08-17,113061.39475282589
2017-08-18,113138.5278596299
2017-08-21,113138.5278596299
2017-08-22,113138.5278596299
2017-08-23,111943.48017623798
2017-08-24,111943.48017623798
2017-08-25,112550.94010270483
2017-08-28,112550.94010270483
2017-08-29,111887.95619118455
2017-08-30,111887.95619118455
2017-08-31,111887.95619118455
2017-09-01,112405.98146190155
2017-09-05,112405.98146190155
2017-09-06,112634.40647422949
2017-09-07,112634.40647422949
2017-09-08,112215.80255917911
2017-09-11,112417.54191210408
2017-09-12,112417.54191210408
2017-09-13,112417.54191210408
2017-09-14,111796.56217348864
2017-09-15,111796.56217348864
2017-09-18,111796.56217348864
2017-09-19,111796.56217348864
2017-09-20,112197.58035202058
2017-09-21,111950.9947264789
2017-09-22,112028.22721472068
2017-09-25,112028.22721472068
2017-09-26,111805.94962063414
2017-09-27,110632.75520570461
2017-09-28,110207.31945364017
2017-09-29,110207.31945364017
2017-10-02,110207.31945364017
2017-10-03,110207.31945364017
2017-10-04,110207.31945364017
2017-10-05,110385.3366590549
2017-10-06,109754.93626685116
2017-10-09,109631.38385745768
2017-10-10,110608.66860439286
2017-10-11,110873.36802924066
2017-10-12,110873.36802924066
2017-10-13,111034.67174244444
2017-10-16,110616.2897186248
2017-10-17,111233.56697928584
2017-10-18,111233.56697928584
2017-10-19,111369.62230618308
2017-10-20,111369.62230618308
2017-10-23,111506.75146708373
2017-10-24,111457.52912416185
2017-10-25,111457.52912416185
2017-10-26,111762.41236136293
2017-10-27,112291.83678514276
2017-10-30,112291.83678514276
2017-10-31,112963.39471435646
2017-11-01,113079.95379042017
2017-11-02,112889.35569450176
2017-11-03,112889.35569450176
2017-11-06,113648.59873838787
2017-11-07,113648.59873838787
2017-11-08,113959.06793993524
2017-11-09,113183.24263775739
2017-11-10,113183.24263775739
2017-11-13,112652.93133997003
2017-11-14,112652.93133997003
2017-11-15,112262.80835726137
2017-11-16,112891.56502439623
2017-11-17,112891.56502439623
2017-11-20,112891.56502439623
2017-11-21,112891.56502439623
2017-11-22,112891.56502439623
2017-11-24,112891.56502439623
2017-11-27,113469.76427078582
2017-11-28,113724.57035283207
2017-11-29,113724.57035283207
2017-11-30,113724.57035283207
2017-12-01,113673.73142434629
2017-12-04,113673.73142434629
2017-12-05,112951.37991646402
2017-12-06,112951.37991646402
2017-12-07,112109.48248250739
2017-12-08,112109.48248250739
2017-12-11,112109.48248250739
2017-12-12,111695.55827751623
2017-12-13,111785.25081909794
2017-12-14,111785.25081909794
2017-12-15,112040.00148043409
2017-12-18,113073.2642106752
2017-12-19,113073.2642106752
2017-12-20,112994.57553640453
2017-12-21,113000.09871575629
2017-12-22,112892.08667884328
2017-12-26,113675.05831935858
2017-12-27,114176.84293080377
2017-12-28,114176.84293080377
2017-12-29,114176.84293080377
2018-01-02,114176.84293080377
2018-01-03,114176.84293080377
2018-01-04,114988.63360703344
2018-01-05,115441.14227080574
2018-01-08,115441.14227080574
2018-01-09,115441.14227080574
2018-01-10,115222.01134562775
2018-01-11,114941.77495374784
2018-01-12,114941.77495374784
2018-01-16,114941.77495374784
2018-01-17,114941.77495374784
2018-01-18,114941.77495374784
2018-01-19,114941.77495374784
2018-01-22,114784.38321363812
2018-01-23,114784.38321363812
2018-01-24,114784.38321363812
2018-01-25,114784.38321363812
2018-01-26,115630.60592535014
2018-01-29,115630.60592535014
2018-01-30,114888.94669484759
2018-01-31,116178.52623543346
2018-02-01,116450.56866987902
2018-02-02,116450.56866987902
2018-02-05,115994.87913662354
2018-02-06,115466.13347206518
2018-02-07,115466.13347206518
2018-02-08,115803.95867170805
2018-02-09,117444.56543086772
2018-02-12,117444.56543086772
2018-02-13,117444.56543086772
2018-02-14,117444.56543086772
2018-02-15,117444.56543086772
2018-02-16,117444.56543086772
2018-02-20,116425.08020317348
2018-02-21,116762.84624692323
2018-02-22,117809.93714145744
2018-02-23,117809.93714145744
2018-02-26,117618.83317184175
2018-02-27,116924.4795582197
2018-02-28,117468.82702238682
2018-03-01,117214.26597982987
2018-03-02,117214.26597982987
2018-03-05,117214.26597982987
2018-03-06,117214.26597982987
2018-03-07,116167.86225990085
2018-03-08,116167.86225990085
2018-03-09,116167.86225990085
2018-03-12,116167.86225990085
2018-03-13,116167.86225990085
2018-03-14,116721.89444879717
2018-03-15,116143.39242686915
2018-03-16,115671.73366179358
2018-03-19,114832.2254342649
2018-03-20,115148.49746904297
2018-03-21,115148.49746904297
2018-03-22,115148.49746904297
2018-03-23,115459.55431926591
2018-03-26,117592.46391411807
2018-03-27,117592.46391411807
2018-03-28,117540.45197236161
2018-03-29,118579.48889124572
2018-04-02,118579.48889124572
2018-04-03,119687.58896673193
2018-04-04,119687.58896673193
2018-04-05,119687.58896673193
2018-04-06,118743.62106554653
2018-04-09,118743.62106554653
2018-04-10,120059.71573840591
2018-04-11,120059.71573840591
2018-04-12,120059.71573840591
2018-04-13,121139.19382961855
2018-04-16,121501.28688233662
2018-04-17,122281.44720020852
2018-04-18,122281.44720020852
2018-04-19,121979.64582752918
2018-04-20,121299.75180162698
2018-04-23,119878.292077341
2018-04-24,120832.91472159771
2018-04-25,119673.75688765573
2018-04-26,119673.75688765573
2018-04-27,119673.75688765573
2018-04-30,119673.75688765573
2018-05-01,119250.62447213069
2018-05-02,118651.79544428484
2018-05-03,118453.66264211277
2018-05-04,116899.25857524293
2018-05-07,116899.25857524293
2018-05-08,116815.57474696083
2018-05-09,117123.90273222222
2018-05-10,119136.62260218406
2018-05-11,119136.62260218406
2018-05-14,119721.1007287853
2018-05-15,117682.17164396553
2018-05-16,117682.17164396553
2018-05-17,117682.17164396553
2018-05-18,116442.52373795825
2018-05-21,117172.70532480162
2018-05-22,117529.4958956614
2018-05-23,117529.4958956614
2018-05-24,117529.4958956614
2018-05-25,117725.14462388495
2018-05-29,115816.99215701113
2018-05-30,116556.82843241126
2018-05-31,116556.82843241126
2018-06-01,117781.99723944218
2018-06-04,117919.12569298127
2018-06-05,115964.55181828511
2018-06-06,117631.89905217454
2018-06-07,117673.6874414103
2018-06-08,118242.80138157879
2018-06-11,118242.80138157879
2018-06-12,118242.80138157879
2018-06-13,118242.80138157879
2018-06-14,119421.07140677459
2018-06-15,119560.55391124396
2018-06-18,119560.55391124396
2018-06-19,119560.55391124396
2018-06-20,119560.55391124396
2018-06-21,119560.55391124396
2018-06-22,120824.66284986913
2018-06-25,120824.66284986913
2018-06-26,120824.66284986913
2018-06-27,120483.62232629504
2018-06-28,122155.57659340845
2018-06-29,122155.57659340845
2018-07-02,120090.51004283623
2018-07-03,122504.39578298386
2018-07-05,122504.39578298386
2018-07-06,122504.39578298386
2018-07-09,122504.39578298386
2018-07-10,123363.12775013571
2018-07-11,123363.12775013571
2018-07-12,123363.12775013571
2018-07-13,123219.95067910045
2018-07-16,123492.36539359122
2018-07-17,123492.36539359122
2018-07-18,123492.36539359122
2018-07-19,123492.36539359122
2018-07-20,123945.50920498588
2018-07-23,123945.50920498588
2018-07-24,123945.50920498588
2018-07-25,123945.50920498588
2018-07-26,123945.50920498588
2018-07-27,124822.03626203639
2018-07-30,125875.8887998191
2018-07-31,125324.64768326259
2018-08-01,125324.64768326259
2018-08-02,124095.94945435518
2018-08-03,124129.9156502788
2018-08-06,124129.9156502788
2018-08-07,124129.9156502788
2018-08-08,124129.9156502788
2018-08-09,124129.9156502788
2018-08-10,121208.13972622993
2018-08-13,120503.28598556414
2018-08-14,120503.28598556414
2018-08-15,120503.28598556414
2018-08-16,122051.48324989212
2018-08-17,121576.69847630528
2018-08-20,121576.69847630528
2018-08-21,121576.69847630528
2018-08-22,121576.69847630528
2018-08-23,121576.69847630528
2018-08-24,123342.39864492894
2018-08-27,125711.5944702613
2018-08-28,125711.5944702613
2018-08-29,125925.61808615015
2018-08-30,125925.61808615015
2018-08-31,126021.4571029329
2018-09-04,124237.10852463623
2018-09-05,123229.90689665794
2018-09-06,123229.90689665794
2018-09-07,123229.90689665794
2018-09-10,123229.90689665794
2018-09-11,121872.71829953692
2018-09-12,121872.71829953692
2018-09-13,121872.71829953692
2018-09-14,121872.71829953692
2018-09-17,122166.70041731014
2018-09-18,122811.27519855957
2018-09-19,122811.27519855957
2018-09-20,123424.54298468328
2018-09-21,122990.48977431295
2018-09-24,122990.48977431295
2018-09-25,122965.8916763581
2018-09-26,122965.8916763581
2018-09-27,122965.8916763581
2018-09-28,122941.29849802282
2018-10-01,122941.29849802282
2018-10-02,122079.78590582496
2018-10-03,123335.82539080264
2018-10-04,122264.92606656838
2018-10-05,123171.50052131175
2018-10-08,121852.54204661892
2018-10-09,121852.54204661892
2018-10-10,121852.54204661892
2018-10-11,121433.72854851688
2018-10-12,121433.72854851688
2018-10-15,121469.8565931298
2018-10-16,121469.8565931298
2018-10-17,121469.8565931298
2018-10-18,120577.27920026799
2018-10-19,121260.27170506184
2018-10-22,121513.64428703359
2018-10-23,119477.21394255648
2018-10-24,119477.21394255648
2018-10-25,120796.47775715217
2018-10-26,120796.47775715217
2018-10-29,120796.47775715217
2018-10-30,121528.15535314153
2018-10-31,122058.93121954454
2018-11-01,123967.49991619008
2018-11-02,123967.49991619008
2018-11-05,123942.70641620684
2018-11-06,123942.70641620684
2018-11-07,123942.70641620684
2018-11-08,123227.88690070825
2018-11-09,122082.03223011724
2018-11-12,122082.03223011724
2018-11-13,121558.59437805908
2018-11-14,122151.33136161014
2018-11-15,122163.2448416519
2018-11-16,121734.17633202169
2018-11-19,121734.17633202169
2018-11-20,121734.17633202169
2018-11-21,122588.24808724494
2018-11-23,121422.86112189508
2018-11-26,120955.29260276999
2018-11-27,122754.93816674867
2018-11-28,122754.93816674867
2018-11-29,122754.93816674867
2018-11-30,122754.93816674867
2018-12-03,126307.20574390193
2018-12-04,126131.08469601216
2018-12-06,124343.3949626645
2018-12-07,124343.3949626645
2018-12-10,124021.67544520546
2018-12-11,125343.30666983522
2018-12-12,126985.44039467802
2018-12-13,126985.44039467802
2018-12-14,125473.27291470702
2018-12-17,125473.27291470702
2018-12-18,125754.86514778608
2018-12-19,125754.86514778608
2018-12-20,125754.86514778608
2018-12-21,125754.86514778608
2018-12-24,125692.36494245839
2018-12-26,125692.36494245839
2018-12-27,125692.36494245839
2018-12-28,125692.36494245839
2018-12-31,125813.93480322241
2019-01-02,125813.93480322241
2019-01-03,125813.93480322241
2019-01-04,125813.93480322241
2019-01-07,125813.93480322241
2019-01-08,125813.93480322241
2019-01-09,125813.93480322241
2019-01-10,125813.93480322241
2019-01-11,125813.93480322241
2019-01-14,125481.65907532633
2019-01-15,125481.65907532633
2019-01-16,125481.65907532633
2019-01-17,125481.65907532633
2019-01-18,125481.65907532633
2019-01-22,124086.45674561823
2019-01-23,124800.6492129057
2019-01-24,124800.6492129057
2019-01-25,126253.41474650982
2019-01-28,124097.44744715813
2019-01-29,124097.44744715813
2019-01-30,124097.44744715813
2019-01-31,124097.44744715813
2019-02-01,124097.44744715813
2019-02-04,124006.19463462422
2019-02-05,124006.19463462422
2019-02-06,124006.19463462422
2019-02-07,122697.88978881025
2019-02-08,122697.88978881025
2019-02-11,122408.12915753973
2019-02-12,123386.99285267165
2019-02-13,122251.02430668351
2019-02-14,122054.43804957396
2019-02-15,122054.43804957396
2019-02-19,122054.43804957396
2019-02-20,122054.43804957396
2019-02-21,122230.22580283269
2019-02-22,122230.22580283269
2019-02-25,122230.22580283269
2019-02-26,122304.08825027494
2019-02-27,122015.75669206335
2019-02-28,121725.59637940272
2019-03-01,122204.38819749004
2019-03-04,122281.61486410802
2019-03-05,122563.97051040675
2019-03-06,121852.82482829118
2019-03-07,122348.30419859983
2019-03-08,122112.88918569358
2019-03-11,122112.88918569358
2019-03-12,122112.88918569358
2019-03-13,122846.07618543266
2019-03-14,122130.38980459541
2019-03-15,122130.38980459541
2019-03-18,122130.38980459541
2019-03-19,122130.38980459541
2019-03-20,122842.09210353892
2019-03-21,122842.09210353892
2019-03-22,122842.09210353892
2019-03-25,122987.80659626808
2019-03-26,122987.80659626808
2019-03-27,121654.11393198637
2019-03-28,121562.62654616828
2019-03-29,122244.48695515213
2019-04-01,123398.37929803383
2019-04-02,123398.37929803383
2019-04-03,123910.36014643859
2019-04-04,123381.19397611986
2019-04-05,123381.19397611986
2019-04-08,123381.19397611986
2019-04-09,123381.19397611986
2019-04-10,124087.90110367796
2019-04-11,123615.68959725286
2019-04-12,124167.41268025324
2019-04-15,123661.93114863236
2019-04-16,123284.33722086309
2019-04-17,123284.33722086309
2019-04-18,123284.33722086309
2019-04-22,122945.660136351
2019-04-23,122945.660136351
2019-04-24,122098.26864562485
2019-04-25,121279.9720826264
2019-04-26,121279.9720826264
2019-04-29,121279.9720826264
2019-04-30,120688.69284210927
2019-05-01,120688.69284210927
2019-05-02,120632.84498981459
2019-05-03,121532.74179765357
2019-05-06,121532.74179765357
2019-05-07,121532.74179765357
2019-05-08,120697.13523729368
2019-05-09,119238.06634511764
2019-05-10,119238.06634511764
2019-05-13,119238.06634511764
2019-05-14,119238.06634511764
2019-05-15,119238.06634511764
2019-05-16,119238.06634511764
2019-05-17,117701.61708050706
2019-05-20,117701.61708050706
2019-05-21,117701.61708050706
2019-05-22,117551.3114182859
2019-05-23,116380.95909338482
2019-05-24,116380.95909338482
2019-05-28,115911.16784886474
2019-05-29,115053.16833992921
2019-05-30,115053.16833992921
2019-05-31,115053.16833992921
2019-06-03,115053.16833992921
2019-06-04,115053.16833992921
2019-06-05,115053.16833992921
2019-06-06,115053.16833992921
2019-06-07,114521.07289059783
2019-06-10,114521.07289059783
2019-06-11,115386.87916941746
2019-06-12,115271.66428027289
2019-06-13,115279.41477485676
2019-06-14,115535.1857483849
2019-06-17,115637.18448898118
2019-06-18,116492.23474822969
2019-06-19,116500.32736426799
2019-06-20,116500.32736426799
2019-06-21,115954.19056035992
2019-06-24,115838.13731656682
2019-06-25,115838.13731656682
2019-06-26,115838.13731656682
2019-06-27,115838.13731656682
2019-06-28,116503.36488655474
2019-07-01,118186.37875219256
2019-07-02,118257.84854088863
2019-07-03,118257.84854088863
2019-07-05,118012.7403259728
2019-07-08,118012.7403259728
2019-07-09,118012.7403259728
2019-07-10,117956.97295361599
2019-07-11,117956.97295361599
2019-07-12,117956.97295361599
2019-07-15,118060.97157844511
2019-07-16,118060.97157844511
2019-07-17,118228.29356997056
2019-07-18,118461.87563727226
2019-07-19,118535.78986113185
2019-07-22,118150.7932355862
2019-07-23,117994.85535775029
2019-07-24,118373.74025941694
2019-07-25,118373.74025941694
2019-07-26,118884.18278269912
2019-07-29,118792.99217648977
2019-07-30,118792.99217648977
2019-07-31,119036.40927032659
2019-08-01,118809.00493726903
2019-08-02,118167.87532771609
2019-08-05,115380.08092627121
2019-08-06,115980.86836958517
2019-08-07,115980.86836958517
2019-08-08,115980.86836958517
2019-08-09,115980.86836958517
2019-08-12,115980.86836958517
2019-08-13,115198.04757425869
2019-08-14,115198.04757425869
2019-08-15,115281.34462404315
2019-08-16,115281.34462404315
2019-08-19,115281.34462404315
2019-08-20,115013.7521695522
2019-08-21,115013.7521695522
2019-08-22,115013.7521695522
2019-08-23,114715.51459490162
2019-08-26,115662.38864435499
2019-08-27,115662.38864435499
2019-08-28,115662.38864435499
2019-08-29,116220.47420001484
2019-08-30,116220.47420001484
2019-09-03,116220.47420001484
2019-09-04,118133.12542499127
2019-09-05,118133.12542499127
2019-09-06,118133.12542499127
2019-09-09,119118.62717912227
2019-09-10,119061.88866308708
2019-09-11,118774.3733204307
2019-09-12,118774.3733204307
2019-09-13,119272.99062089769
2019-09-16,119272.99062089769
2019-09-17,118727.58154069251
2019-09-18,118727.58154069251
2019-09-19,119444.67551853413
2019-09-20,120134.85801316079
2019-09-23,120134.85801316079
2019-09-24,120134.85801316079
2019-09-25,119128.53457374818
2019-09-26,119128.53457374818
2019-09-27,118941.16063155919
2019-09-30,118687.50267982468
2019-10-01,118687.50267982468
2019-10-02,118400.08841687867
2019-10-03,118076.23916095533
2019-10-04,118076.23916095533
2019-10-07,118076.23916095533
2019-10-08,117858.79150957576
2019-10-09,119107.78145361977
2019-10-10,119445.58992658381
2019-10-11,119445.58992658381
2019-10-14,119445.58992658381
2019-10-15,120026.24694834412
2019-10-16,119810.7104538241
2019-10-17,119810.7104538241
2019-10-18,120326.0075327328
2019-10-21,120908.68175349852
2019-10-22,120908.68175349852
2019-10-23,120406.85181427648
2019-10-24,120406.85181427648
2019-10-25,120825.44269323081
2019-10-28,121309.34779735756
2019-10-29,121309.34779735756
2019-10-30,121094.64739122453
2019-10-31,121387.84562397756
2019-11-01,122814.03354956306
2019-11-04,122814.03354956306
2019-11-05,122693.22150025945
2019-11-06,122571.5642109724
2019-11-07,122571.5642109724
2019-11-08,122571.5642109724
2019-11-11,122162.71261813758
2019-11-12,122162.71261813758
2019-11-13,121484.82881796143
2019-11-14,121484.82881796143
2019-11-15,121484.82881796143
2019-11-18,121484.82881796143
2019-11-19,121782.77277744442
2019-11-20,121435.47065731628
2019-11-21,120764.56231367834
2019-11-22,120764.56231367834
2019-11-25,120764.56231367834
2019-11-26,120420.50327588136
2019-11-27,120072.4468769322
2019-11-29,120072.4468769322
2019-12-02,119788.25373776931
2019-12-03,118848.63375978793
2019-12-04,118848.63375978793
2019-12-05,119246.88868173232
2019-12-06,119710.02632556585
2019-12-09,120439.38954752045
2019-12-10,120218.12940841448
2019-12-11,120218.12940841448
2019-12-12,120218.12940841448
2019-12-13,120218.12940841448
2019-12-16,120218.12940841448
2019-12-17,120218.12940841448
2019-12-18,120439.30379254486
2019-12-19,120439.30379254486
2019-12-20,121055.20211084593
2019-12-23,120969.43236098526
2019-12-24,121130.44301499937
2019-12-26,121416.41012233747
2019-12-27,121416.41012233747
2019-12-30,121416.41012233747
2019-12-31,121549.40198295854
2020-01-02,122563.16929341017
2020-01-03,122563.16929341017
2020-01-06,122563.16929341017
2020-01-07,122563.16929341017
2020-01-08,123351.36831515687
2020-01-09,123351.36831515687
2020-01-10,124261.41414390726
2020-01-13,124486.27080685875
2020-01-14,124486.27080685875
2020-01-15,123930.04877144791
2020-01-16,123930.04877144791
2020-01-17,123930.04877144791
2020-01-21,123930.04877144791
2020-01-22,124633.37075937167
2020-01-23,123635.45851208002
2020-01-24,123635.45851208002
2020-01-27,120967.76611288596
2020-01-28,122088.57315986208
2020-01-29,122088.57315986208
2020-01-30,122088.57315986208
2020-01-31,121212.30395046905
2020-02-03,122050.56327128332
2020-02-04,122050.56327128332
2020-02-05,123922.84420107873
2020-02-06,124265.60143412011
2020-02-07,123711.56113337736
2020-02-10,123343.78197404527
2020-02-11,123343.78197404527
2020-02-12,123343.78197404527
2020-02-13,123343.78197404527
2020-02-14,123343.78197404527
2020-02-18,123343.78197404527
2020-02-19,124045.73343546517
2020-02-20,122744.29581431359
2020-02-21,120824.79019706123
2020-02-24,120824.79019706123
2020-02-25,120824.79019706123
2020-02-26,120546.32418099065
2020-02-27,117287.57656804605
2020-02-28,112364.96993467576
2020-03-02,112364.96993467576
2020-03-03,112364.96993467576
2020-03-04,112364.96993467576
2020-03-05,112364.96993467576
2020-03-06,108115.21176472314
2020-03-09,108115.21176472314
2020-03-10,108115.21176472314
2020-03-11,108115.21176472314
2020-03-12,96979.59818312083
2020-03-13,96979.59818312083
2020-03-16,84952.89109087936
2020-03-17,87009.5805272845
2020-03-18,87009.5805272845
2020-03-19,87009.5805272845
2020-03-20,87009.5805272845
2020-03-23,85191.98039337316
2020-03-24,89958.34321659758
2020-03-25,89958.34321659758
2020-03-26,89958.34321659758
2020-03-27,89958.34321659758
2020-03-30,88851.54021519911
2020-03-31,88851.54021519911
2020-04-01,88851.54021519911
2020-04-02,88562.05265879155
2020-04-03,88562.05265879155
2020-04-06,92091.65960828423
2020-04-07,92091.65960828423
2020-04-08,93441.9071304135
2020-04-09,93441.9071304135
2020-04-13,93885.61169148843
2020-04-14,95532.2971527863
2020-04-15,91677.95248649207
2020-04-16,91188.66850993401
2020-04-17,95456.57345306808
2020-04-20,92835.19636890102
2020-04-21,92835.19636890102
2020-04-22,94353.10034967001
2020-04-23,95026.50539034432
2020-04-24,95755.74028919022
2020-04-27,96613.93231132129
2020-04-28,96613.93231132129
2020-04-29,96613.93231132129
2020-04-30,96613.93231132129
2020-05-01,94671.5615091082
2020-05-04,93828.03043542468
2020-05-05,93828.03043542468
2020-05-06,93735.61645379958
2020-05-07,95354.17267467998
2020-05-08,97508.20282840889
2020-05-11,97508.20282840889
2020-05-12,98085.0816332769
2020-05-13,99174.85126568856
2020-05-14,97531.79517691517
2020-05-15,97531.79517691517
2020-05-18,100658.47575907061
2020-05-19,100658.47575907061
2020-05-20,103082.6780692147
2020-05-21,103082.6780692147
2020-05-22,101954.92114774048
2020-05-26,101954.92114774048
2020-05-27,102382.68366306143
2020-05-28,102382.68366306143
2020-05-29,103109.52598518328
2020-06-01,103616.51130359464
2020-06-02,103616.51130359464
2020-06-03,103616.51130359464
2020-06-04,103616.51130359464
2020-06-05,107572.77028165861
2020-06-08,107572.77028165861
2020-06-09,107572.77028165861
2020-06-10,107982.9859093347
2020-06-11,102710.94151037288
2020-06-12,107372.92185942286
2020-06-15,107372.92185942286
2020-06-16,107372.92185942286
2020-06-17,108145.4019789411
2020-06-18,107247.02131394339
2020-06-19,109475.23817955717
2020-06-22,109475.23817955717
2020-06-23,111421.35058597745
2020-06-24,109920.19404122974
2020-06-25,108637.024556269
2020-06-26,108637.024556269
2020-06-29,108575.32767948275
2020-06-30,108575.32767948275
2020-07-01,108575.32767948275
2020-07-02,108575.32767948275
2020-07-06,110712.01458414602
2020-07-07,109018.3073542916
2020-07-08,109428.49266288454
2020-07-09,110398.16633969526
2020-07-10,110335.43936977795
2020-07-13,110335.43936977795
2020-07-14,109859.14704497752
2020-07-15,109859.14704497752
2020-07-16,109859.14704497752
2020-07-17,109859.14704497752
2020-07-20,110323.63638329536
2020-07-21,111720.65554922537
2020-07-22,111720.65554922537
2020-07-23,111720.65554922537
2020-07-24,111538.99497526458
2020-07-27,111538.99497526458
2020-07-28,111538.99497526458
2020-07-29,111538.99497526458
2020-07-30,109471.16235492384
2020-07-31,109719.5672887613
2020-08-03,110010.8840956141
2020-08-04,109163.21052279502
2020-08-05,109163.21052279502
2020-08-06,109163.21052279502
2020-08-07,109163.21052279502
2020-08-10,109163.21052279502
2020-08-11,109163.21052279502
2020-08-12,109163.21052279502
2020-08-13,109440.35278112946
2020-08-14,109440.35278112946
2020-08-17,109440.35278112946
2020-08-18,110554.65055659301
2020-08-19,110383.94466605617
2020-08-20,109542.2773328593
2020-08-21,109542.2773328593
2020-08-24,110493.74523099982
2020-08-25,111001.2296497845
2020-08-26,111001.2296497845
2020-08-27,111551.7911667533
2020-08-28,112735.6564367618
2020-08-31,112735.6564367618
2020-09-01,114025.37620579657
2020-09-02,114025.37620579657
2020-09-03,114081.78292368203
2020-09-04,114864.34449102024
2020-09-08,114864.34449102024
2020-09-09,116771.5197061685
2020-09-10,116771.5197061685
2020-09-11,118435.73406911232
2020-09-14,118435.73406911232
2020-09-15,118435.73406911232
2020-09-16,119500.09211449519
2020-09-17,118829.5903125647
2020-09-18,118643.15555081629
2020-09-21,115604.82533418242
2020-09-22,115604.82533418242
2020-09-23,114667.83223208647
2020-09-24,113410.07982615603
2020-09-25,113410.07982615603
2020-09-28,113410.07982615603
2020-09-29,113410.07982615603
2020-09-30,114397.4626465477
2020-10-01,114397.4626465477
2020-10-02,112488.69022368247
2020-10-05,112488.69022368247
2020-10-06,112488.69022368247
2020-10-07,114644.39672233419
2020-10-08,114644.39672233419
2020-10-09,114644.39672233419
2020-10-12,114644.39672233419
2020-10-13,114396.89507761788
2020-10-14,114752.56267106305
2020-10-15,113324.63372741391
2020-10-16,113324.63372741391
2020-10-19,113637.80077417738
2020-10-20,114032.02311679636
2020-10-21,114032.02311679636
2020-10-22,114032.02311679636
2020-10-23,115252.2717894321
2020-10-26,114312.19180142182
2020-10-27,114548.87699284097
2020-10-28,111486.83880721635
2020-10-29,111275.83656672772
2020-10-30,111406.85390157241
2020-11-02,111406.85390157241
2020-11-03,113205.9379896734
2020-11-04,114284.96532613604
2020-11-05,114284.96532613604
2020-11-06,114284.96532613604
2020-11-09,114284.96532613604
2020-11-10,113810.38910253272
2020-11-11,113810.38910253272
2020-11-12,113810.38910253272
2020-11-13,115310.17403611734
2020-11-16,115310.17403611734
2020-11-17,115310.17403611734
2020-11-18,115310.17403611734
2020-11-19,114828.2312632471
2020-11-20,114828.2312632471
2020-11-23,114828.2312632471
2020-11-24,116071.39539343398
2020-11-25,116071.39539343398
2020-11-27,116729.0468415235
2020-11-30,115658.21659611237
2020-12-01,117786.71176411182
2020-12-02,117786.71176411182
2020-12-03,117786.71176411182
2020-12-04,117786.71176411182
2020-12-07,117763.154421759
2020-12-08,118414.73863031145
2020-12-09,118680.57827092354
2020-12-10,117510.328150444
2020-12-11,117510.328150444
2020-12-14,117510.328150444
2020-12-15,118133.55326230673
2020-12-16,118133.55326230673
2020-12-17,118133.55326230673
2020-12-18,118133.55326230673
2020-12-21,114948.20128186017
2020-12-22,114948.20128186017
2020-12-23,115280.48846489697
2020-12-24,115280.48846489697
2020-12-28,115320.06778609283
2020-12-29,115320.06778609283
2020-12-30,115320.06778609283
2020-12-31,116027.07014733549
2021-01-04,117241.4868148776
2021-01-05,117000.92465304263
2021-01-06,117000.92465304263
2021-01-07,117000.92465304263
2021-01-08,118602.95537402002
2021-01-11,116043.56457387989
2021-01-12,116043.56457387989
2021-01-13,116139.80368862738
2021-01-14,116237.42880144701
2021-01-15,116237.42880144701
2021-01-19,116237.42880144701
2021-01-20,116999.56934812893
2021-01-21,116793.5003174004
2021-01-22,114956.29152027804
2021-01-25,114956.29152027804
2021-01-26,114956.29152027804
2021-01-27,114956.29152027804
2021-01-28,114838.55606566607
2021-01-29,114838.55606566607
2021-02-01,117143.84006223768
2021-02-02,117143.84006223768
2021-02-03,118057.30356168385
2021-02-04,117772.43112490138
2021-02-05,117772.43112490138
2021-02-08,117772.43112490138
2021-02-09,117772.43112490138
2021-02-10,117772.43112490138
2021-02-11,118508.4945765957
2021-02-12,117711.9113913113
2021-02-16,117711.9113913113
2021-02-17,117711.9113913113
2021-02-18,117711.9113913113
2021-02-19,117301.58288178884
2021-02-22,115309.10865332773
2021-02-23,115027.79574838692
2021-02-24,115027.79574838692
2021-02-25,115027.79574838692
2021-02-26,115494.68710469035
2021-03-01,115494.68710469035
2021-03-02,115215.8567814854
2021-03-03,115215.8567814854
2021-03-04,116009.72451177039
2021-03-05,116720.96343220543
2021-03-08,115474.06155388485
2021-03-09,115474.06155388485
2021-03-10,116890.87100600309
2021-03-11,116890.87100600309
2021-03-12,116890.87100600309
2021-03-15,116890.87100600309
2021-03-16,116890.87100600309
2021-03-17,116890.87100600309
2021-03-18,116890.87100600309
2021-03-19,116890.87100600309
2021-03-22,116071.48375737653
2021-03-23,116071.48375737653
2021-03-24,116483.11044874473
2021-03-25,116491.17707664118
2021-03-26,116491.17707664118
2021-03-29,116491.17707664118
2021-03-30,116491.17707664118
2021-03-31,116491.17707664118
2021-04-01,118420.07452933925
2021-04-05,118420.07452933925
2021-04-06,118420.07452933925
2021-04-07,118420.07452933925
2021-04-08,119478.40134769639
2021-04-09,119478.40134769639
2021-04-12,119424.11950228247
2021-04-13,119217.34934989459
2021-04-14,119217.34934989459
2021-04-15,119217.34934989459
2021-04-16,119217.34934989459
2021-04-19,119217.34934989459
2021-04-20,118631.85707326836
2021-04-21,118631.85707326836
2021-04-22,118631.85707326836
2021-04-23,118631.85707326836
2021-04-26,118608.1307018537
2021-04-27,117860.12884426575
2021-04-28,118186.63640912344
2021-04-29,117871.10815467656
2021-04-30,117871.10815467656
2021-05-03,118234.38685049345
2021-05-04,118234.38685049345
2021-05-05,118234.38685049345
2021-05-06,118418.42898390215
2021-05-07,118418.42898390215
2021-05-10,118418.42898390215
2021-05-11,118418.42898390215
2021-05-12,118418.42898390215
2021-05-13,118896.8937871865
2021-05-14,118896.8937871865
2021-05-17,118496.58344150256
2021-05-18,118496.58344150256
2021-05-19,117450.38244602853
2021-05-20,117483.82420785537
2021-05-21,117483.82420785537
2021-05-24,117827.199822236
2021-05-25,118342.69453074795
2021-05-26,118520.63194504578
2021-05-27,118520.63194504578
2021-05-28,118520.63194504578
2021-06-01,118520.63194504578
2021-06-02,118496.92781865677
2021-06-03,118496.92781865677
2021-06-04,119774.45991546552
2021-06-07,120714.82698349327
2021-06-08,120714.82698349327
2021-06-09,121694.08595100025
2021-06-10,121613.3681271151
2021-06-11,121613.3681271151
2021-06-14,121613.3681271151
2021-06-15,121108.24841670804
2021-06-16,120970.70910768743
2021-06-17,120282.15815844545
2021-06-18,118924.85370867196
2021-06-21,118924.85370867196
2021-06-22,118924.85370867196
2021-06-23,118924.85370867196
2021-06-24,119785.79887111209
2021-06-25,119785.79887111209
2021-06-28,119621.37993967849
2021-06-29,119287.04396769234
2021-06-30,119287.04396769234
2021-07-01,119287.04396769234
2021-07-02,119829.46732779361
2021-07-06,119829.46732779361
2021-07-07,120263.74031512266
2021-07-08,120263.74031512266
2021-07-09,120263.74031512266
2021-07-12,120263.74031512266
2021-07-13,120263.74031512266
2021-07-14,121668.62143598325
2021-07-15,121668.62143598325
2021-07-16,121668.62143598325
2021-07-19,119871.44293401546
2021-07-20,119294.79759089183
2021-07-21,119294.79759089183
2021-07-22,119294.79759089183
2021-07-23,119294.79759089183
2021-07-26,117997.02645966265
2021-07-27,117997.02645966265
2021-07-28,117997.02645966265
2021-07-29,117997.02645966265
2021-07-30,117997.02645966265
2021-08-02,118960.16177040972
2021-08-03,119490.7041358674
2021-08-04,119490.7041358674
2021-08-05,119799.72646163657
2021-08-06,119799.72646163657
2021-08-09,120027.15321211357
2021-08-10,119862.03897214582
2021-08-11,119862.03897214582
2021-08-12,119862.03897214582
2021-08-13,120561.13222868452
2021-08-16,120561.13222868452
2021-08-17,120561.13222868452
2021-08-18,120561.13222868452
2021-08-19,120561.13222868452
2021-08-20,118990.28282645674
2021-08-23,118990.28282645674
2021-08-24,118990.28282645674
2021-08-25,118856.74044632544
2021-08-26,118856.74044632544
2021-08-27,119464.30975187718
2021-08-30,119464.30975187718
2021-08-31,119464.30975187718
2021-09-01,119464.30975187718
2021-09-02,119521.48292233025
2021-09-03,119521.48292233025
2021-09-07,119551.6729832576
2021-09-08,119551.6729832576
2021-09-09,119282.0524278687
2021-09-10,119282.0524278687
2021-09-13,120018.64626054803
2021-09-14,120185.32127024821
2021-09-15,120185.32127024821
2021-09-16,120185.32127024821
2021-09-17,120185.32127024821
2021-09-20,118151.31205187547
2021-09-21,118486.13384469833
2021-09-22,119152.59350192695
2021-09-23,119152.59350192695
2021-09-24,118202.1417162857
2021-09-27,117796.05849061681
2021-09-28,117796.05849061681
2021-09-29,117358.11351968811
2021-09-30,118055.99200372459
2021-10-01,119258.0683107896
2021-10-04,118450.72868382336
2021-10-05,118511.16547607227
2021-10-06,118511.16547607227
2021-10-07,118511.16547607227
2021-10-08,119107.94054913451
2021-10-11,118858.32191732964
2021-10-12,119512.61056338494
2021-10-13,119512.61056338494
2021-10-14,119512.61056338494
2021-10-15,120016.78701818024
2021-10-18,120016.78701818024
2021-10-19,120016.78701818024
2021-10-20,120047.57333757101
2021-10-21,120047.57333757101
2021-10-22,120632.09990894647
2021-10-25,121079.4092817123
2021-10-26,121305.52987666168
2021-10-27,121305.52987666168
2021-10-28,121056.36859942024
2021-10-29,119902.10954414218
2021-11-01,119902.10954414218
2021-11-02,119902.10954414218
2021-11-03,119934.9817109219
2021-11-04,119934.9817109219
2021-11-05,119934.9817109219
2021-11-08,119934.9817109219
2021-11-09,119910.9947145797
2021-11-10,119339.0984433746
2021-11-11,120458.1652268577
2021-11-12,121054.12030298194
2021-11-15,121058.16674323111
2021-11-16,120721.36359951262
2021-11-17,120869.02392394574
2021-11-18,119784.09255626105
2021-11-19,119846.20813958664
2021-11-22,119649.00901387358
2021-11-23,119420.70071936777
2021-11-24,119420.70071936777
2021-11-26,119420.70071936777
2021-11-29,120964.9050799159
2021-11-30,122389.94751535573
2021-12-01,122389.94751535573
2021-12-02,123283.1647084222
2021-12-03,123283.1647084222
2021-12-06,123799.61925927753
2021-12-07,124924.513668723
2021-12-08,124924.513668723
2021-12-09,124924.513668723
2021-12-10,124924.513668723
2021-12-13,124692.40617108613
2021-12-14,123642.18551093606
2021-12-15,123642.18551093606
2021-12-16,123642.18551093606
2021-12-17,123642.18551093606
2021-12-20,123642.18551093606
2021-12-21,124133.94798569204
2021-12-22,124133.94798569204
2021-12-23,124133.94798569204
2021-12-27,124133.94798569204
2021-12-28,124133.94798569204
2021-12-29,124441.4003341338
2021-12-30,124249.47661737686
2021-12-31,124249.47661737686
2022-01-03,124224.62672205339
2022-01-04,124089.11397780293
2022-01-05,124089.11397780293
2022-01-06,124313.91663462299
2022-01-07,124313.91663462299
2022-01-10,124313.91663462299
2022-01-11,124289.05385129608
2022-01-12,124289.05385129608
2022-01-13,124289.05385129608
2022-01-14,124073.73558147172
2022-01-18,124073.73558147172
2022-01-19,124545.21577668132
2022-01-20,124856.46116207303
2022-01-21,125311.70702815628
2022-01-24,123566.90488307056
2022-01-25,122134.4309024031
2022-01-26,122134.4309024031
2022-01-27,122683.40510027144
2022-01-28,122862.95203039728
2022-01-31,122862.95203039728
2022-02-01,122862.95203039728
2022-02-02,122862.95203039728
2022-02-03,122862.95203039728
2022-02-04,121814.2844473785
2022-02-07,121814.2844473785
2022-02-08,121814.2844473785
2022-02-09,121814.2844473785
2022-02-10,121814.2844473785
2022-02-11,122284.87805099758
2022-02-14,122284.87805099758
2022-02-15,123253.7097960182
2022-02-16,123253.7097960182
2022-02-17,123253.7097960182
2022-02-18,123338.71537950028
2022-02-22,122210.83909099057
2022-02-23,122210.83909099057
2022-02-24,118509.2073266347
2022-02-25,118509.2073266347
2022-02-28,118509.2073266347
2022-03-01,118509.2073266347
2022-03-02,118378.47526857274
2022-03-03,118378.47526857274
2022-03-04,116118.73212972318
2022-03-07,116118.73212972318
2022-03-08,116123.25479479779
2022-03-09,116123.25479479779
2022-03-10,116123.25479479779
2022-03-11,116894.6692049346
2022-03-14,117485.54144580539
2022-03-15,117705.50965481126
2022-03-16,117705.50965481126
2022-03-17,117705.50965481126
2022-03-18,117705.50965481126
2022-03-21,117705.50965481126
2022-03-22,118871.93606283428
2022-03-23,118871.93606283428
2022-03-24,118848.16167562171
2022-03-25,118848.16167562171
2022-03-28,118425.90700833063
2022-03-29,118425.90700833063
2022-03-30,118425.90700833063
2022-03-31,118425.90700833063
2022-04-01,118425.90700833063
2022-04-04,118978.73739857195
2022-04-05,119221.76450764357
2022-04-06,118456.18375174966
2022-04-07,118184.41673750874
2022-04-08,118309.7831112373
2022-04-11,117486.3930051517
2022-04-12,117486.3930051517
2022-04-13,117835.39538731525
2022-04-14,117835.39538731525
2022-04-18,117736.45385489835
2022-04-19,117736.45385489835
2022-04-20,117736.45385489835
2022-04-21,117437.35316148824
2022-04-22,116700.27066296496
2022-04-25,116700.27066296496
2022-04-26,116700.27066296496
2022-04-27,116365.03678968859
2022-04-28,116550.2098849544
2022-04-29,116550.2098849544
2022-05-02,116526.8998429774
2022-05-03,116526.8998429774
2022-05-04,116609.5280083206
2022-05-05,116609.5280083206
2022-05-06,115866.22959775105
2022-05-09,114338.64901181895
2022-05-10,115287.95685226352
2022-05-11,115264.89926089307
2022-05-12,115264.89926089307
2022-05-13,115264.89926089307
2022-05-16,115264.89926089307
2022-05-17,115264.89926089307
2022-05-18,115264.89926089307
2022-05-19,115710.93246387971
2022-05-20,115710.93246387971
2022-05-23,116374.12489437393
2022-05-24,116017.91353250536
2022-05-25,116017.91353250536
2022-05-26,116017.91353250536
2022-05-27,116017.91353250536
2022-05-31,116017.91353250536
2022-06-01,116545.15077311464
2022-06-02,117003.22388745766
2022-06-03,116367.64156112382
2022-06-06,116367.64156112382
2022-06-07,116059.72403521936
2022-06-08,116059.72403521936
2022-06-09,116059.72403521936
2022-06-10,114442.71579006372
2022-06-13,109881.62764711313
2022-06-14,109881.62764711313
2022-06-15,110500.67199818332
2022-06-16,110500.67199818332
2022-06-17,110046.71774752309
2022-06-21,110046.71774752309
2022-06-22,110046.71774752309
2022-06-23,110263.07674566498
2022-06-24,111388.48596479396
2022-06-27,111388.48596479396
2022-06-28,111388.48596479396
2022-06-29,111784.56877826688
2022-06-30,111154.11227087353
2022-07-01,111154.11227087353
2022-07-05,111154.11227087353
2022-07-06,110351.56935549868
2022-07-07,110351.56935549868
2022-07-08,110918.8980525091
2022-07-11,110918.8980525091
2022-07-12,109865.16309179351
2022-07-13,109865.16309179351
2022-07-14,109865.16309179351
2022-07-15,110691.46404568714
2022-07-18,110691.46404568714
2022-07-19,111663.39958047276
2022-07-20,111830.37273660976
2022-07-21,111536.11176117111
2022-07-22,112112.14505546015
2022-07-25,112579.65188379264
2022-07-26,112529.89674415295
2022-07-27,112892.76712351698
2022-07-28,112892.76712351698
2022-07-29,112892.76712351698
2022-08-01,112892.76712351698
2022-08-02,112192.39818150249
2022-08-03,113004.51758568594
2022-08-04,113004.51758568594
2022-08-05,113004.51758568594
2022-08-08,113781.2169285066
2022-08-09,113781.2169285066
2022-08-10,115769.88210239503
2022-08-11,115769.88210239503
2022-08-12,115769.88210239503
2022-08-15,115769.88210239503
2022-08-16,115769.88210239503
2022-08-17,115769.88210239503
2022-08-18,115769.88210239503
2022-08-19,113793.5963040483
2022-08-22,113793.5963040483
2022-08-23,114171.89584243805
2022-08-24,114171.89584243805
2022-08-25,114443.80233495857
2022-08-26,114443.80233495857
2022-08-29,114148.94636361951
2022-08-30,114593.48942795504
2022-08-31,114542.5184682756
2022-09-01,113718.0127346115
2022-09-02,113718.0127346115
2022-09-06,113718.0127346115
2022-09-07,113583.47949064447
2022-09-08,113583.47949064447
2022-09-09,113583.47949064447
2022-09-12,113583.47949064447
2022-09-13,113583.47949064447
2022-09-14,113994.70158936198
2022-09-15,113130.71346807049
2022-09-16,113130.71346807049
2022-09-19,113130.71346807049
2022-09-20,113130.71346807049
2022-09-21,113130.71346807049
2022-09-22,113130.71346807049
2022-09-23,111622.01394569123
2022-09-26,110637.9045876832
2022-09-27,111788.61698472698
2022-09-28,111906.02997523942
2022-09-29,111906.02997523942
2022-09-30,111966.43991349237
2022-10-03,113175.67746455807
2022-10-04,113175.67746455807
2022-10-05,113175.67746455807
2022-10-06,112684.12043852227
2022-10-07,112684.12043852227
2022-10-10,113073.03975040774
2022-10-11,112995.34816254998
2022-10-12,112995.34816254998
2022-10-13,112995.34816254998
2022-10-14,112995.34816254998
2022-10-17,114299.50464864213
2022-10-18,114299.50464864213
2022-10-19,113320.50644400722
2022-10-20,113320.50644400722
2022-10-21,113320.50644400722
2022-10-24,113320.50644400722
2022-10-25,113320.50644400722
2022-10-26,113320.50644400722
2022-10-27,113320.50644400722
2022-10-28,113501.38164481812
2022-10-31,113501.38164481812
2022-11-01,113501.38164481812
2022-11-02,113501.38164481812
2022-11-03,113404.43275424266
2022-11-04,113404.43275424266
2022-11-07,113404.43275424266
2022-11-08,114027.3178985509
2022-11-09,113763.43988127446
2022-11-10,117281.39540533531
2022-11-11,116574.36729624812
2022-11-14,116574.36729624812
2022-11-15,118451.85221977619
2022-11-16,118965.80178100853
2022-11-17,117397.3166354496
2022-11-18,117397.3166354496
2022-11-21,116449.06560658621
2022-11-22,116449.06560658621
2022-11-23,116449.06560658621
2022-11-25,116449.06560658621
2022-11-28,116497.31935210095
2022-11-29,118331.22353007561
2022-11-30,118208.43165309311
2022-12-01,118208.43165309311
2022-12-02,118208.43165309311
2022-12-05,116317.0475955286
2022-12-06,116293.78418600949
2022-12-07,116293.78418600949
2022-12-08,116344.47230338976
2022-12-09,116344.47230338976
2022-12-12,116595.89523020775
2022-12-13,116595.89523020775
2022-12-14,115977.95185109266
2022-12-15,114688.72981714246
2022-12-16,114665.79207117904
2022-12-19,114665.79207117904
2022-12-20,114665.79207117904
2022-12-21,114665.79207117904
2022-12-22,114665.79207117904
2022-12-23,115352.333623681
2022-12-27,115352.333623681
2022-12-28,115352.333623681
2022-12-29,116266.08484485965
2022-12-30,116043.10461935325
2023-01-03,118486.7338568728
2023-01-04,119432.35747599188
2023-01-05,119432.35747599188
2023-01-06,119432.35747599188
2023-01-09,119432.35747599188
2023-01-10,119432.35747599188
2023-01-11,119432.35747599188
2023-01-12,119432.35747599188
2023-01-13,119432.35747599188
2023-01-17,119432.35747599188
2023-01-18,119432.35747599188
2023-01-19,119246.82628246807
2023-01-20,119246.82628246807
2023-01-23,119246.82628246807
2023-01-24,119246.82628246807
2023-01-25,119246.82628246807
2023-01-26,119246.82628246807
2023-01-27,119246.82628246807
2023-01-30,119000.376905484
2023-01-31,119110.86350706976
2023-02-01,119176.59837459921
2023-02-02,119176.59837459921
2023-02-03,117919.74708227515
2023-02-06,116594.91782639522
2023-02-07,116594.91782639522
2023-02-08,116392.01483385591
2023-02-09,117339.79903039552
2023-02-10,117429.68095373319
2023-02-13,117429.68095373319
2023-02-14,117429.68095373319
2023-02-15,117429.68095373319
2023-02-16,117429.68095373319
2023-02-17,117429.68095373319
2023-02-21,117429.68095373319
2023-02-22,117716.38662760891
2023-02-23,117716.38662760891
2023-02-24,116035.79961960195
2023-02-27,116035.79961960195
2023-02-28,116035.79961960195
2023-03-01,116339.8225770486
2023-03-02,116339.8225770486
2023-03-03,116981.72143287412
2023-03-06,116981.72143287412
2023-03-07,117000.72513260091
2023-03-08,117822.64330550167
2023-03-09,117822.64330550167
2023-03-10,116793.16905299999
2023-03-13,113748.91445281284
2023-03-14,113748.91445281284
2023-03-15,113748.91445281284
2023-03-16,112893.58112199864
2023-03-17,112893.58112199864
2023-03-20,113027.86129181115
2023-03-21,113027.86129181115
2023-03-22,113027.86129181115
2023-03-23,113766.45932648244
2023-03-24,113198.63867486973
2023-03-27,113198.63867486973
2023-03-28,113198.63867486973
2023-03-29,113198.63867486973
2023-03-30,113198.63867486973
2023-03-31,113198.63867486973
2023-04-03,113134.78334958336
2023-04-04,113174.21606562304
2023-04-05,113174.21606562304
2023-04-06,113320.52948300421
2023-04-10,113320.52948300421
2023-04-11,113320.52948300421
2023-04-12,114185.76311175943
2023-04-13,114495.04233975662
2023-04-14,114495.04233975662
2023-04-17,114575.79627564842
2023-04-18,114575.79627564842
2023-04-19,113866.67398806365
2023-04-20,113866.67398806365
2023-04-21,113866.67398806365
2023-04-24,113866.67398806365
2023-04-25,113866.67398806365
2023-04-26,113698.92671403059
2023-04-27,114136.25247728237
2023-04-28,114136.25247728237
2023-05-01,114136.25247728237
2023-05-02,114136.25247728237
2023-05-03,114500.39681798399
2023-05-04,114824.65328327988
2023-05-05,115335.85206444381
2023-05-08,115335.85206444381
2023-05-09,115335.85206444381
2023-05-10,115335.85206444381
2023-05-11,115335.85206444381
2023-05-12,115312.78489403092
2023-05-15,115571.36556603266
2023-05-16,115571.36556603266
2023-05-17,114670.14041657593
2023-05-18,114670.14041657593
2023-05-19,114670.14041657593
2023-05-22,113851.87729792771
2023-05-23,113332.29873062263
2023-05-24,114706.99406972664
2023-05-25,114706.99406972664
2023-05-26,114706.99406972664
2023-05-30,114706.99406972664
2023-05-31,114065.01870399565
2023-06-01,114124.81661367437
2023-06-02,114124.81661367437
2023-06-05,114124.81661367437
2023-06-06,114124.81661367437
2023-06-07,114124.81661367437
2023-06-08,114101.99165035164
2023-06-09,114101.99165035164
2023-06-12,114101.99165035164
2023-06-13,114255.58731882335
2023-06-14,114255.58731882335
2023-06-15,114255.58731882335
2023-06-16,114255.58731882335
2023-06-20,113523.31234990858
2023-06-21,113558.87457145053
2023-06-22,113361.0077200764
2023-06-23,112768.08933919462
2023-06-26,113001.29028542477
2023-06-27,113805.52873677324
2023-06-28,113805.52873677324
2023-06-29,113586.44965839043
2023-06-30,113586.44965839043
2023-07-03,113586.44965839043
2023-07-05,113586.44965839043
2023-07-06,113586.44965839043
2023-07-07,113999.61269158532
2023-07-10,113999.61269158532
2023-07-11,113999.61269158532
2023-07-12,113999.61269158532
2023-07-13,114111.88340019817
2023-07-14,114111.88340019817
2023-07-17,113455.21282419033
2023-07-18,113455.21282419033
2023-07-19,113455.21282419033
2023-07-20,113146.3078239459
2023-07-21,113123.67856238113
2023-07-24,113584.73639278112
2023-07-25,113584.73639278112
2023-07-26,113735.46067854212
2023-07-27,113735.46067854212
2023-07-28,115671.70229040137
2023-07-31,115648.56794994329
2023-08-01,115128.02504086967
2023-08-02,114229.27916425247
2023-08-03,112639.74701432657
2023-08-04,112639.74701432657
2023-08-07,112639.74701432657
2023-08-08,112639.74701432657
2023-08-09,112520.08233931632
2023-08-10,112520.08233931632
2023-08-11,111630.11152393307
2023-08-14,111201.36519268193
2023-08-15,111201.36519268193
2023-08-16,111201.36519268193
2023-08-17,111201.36519268193
2023-08-18,111081.9549046201
2023-08-21,111081.9549046201
2023-08-22,111892.03056119077
2023-08-23,112645.73698643758
2023-08-24,112645.73698643758
2023-08-25,113069.44482675784
2023-08-28,113069.44482675784
2023-08-29,113220.04370433562
2023-08-30,113220.04370433562
2023-08-31,113220.04370433562
2023-09-01,114066.49982172713
2023-09-05,113185.14293829803
2023-09-06,112412.39838889414
2023-09-07,112412.39838889414
2023-09-08,112574.19852952601
2023-09-11,112574.19852952601
2023-09-12,112574.19852952601
2023-09-13,113238.48124051165
2023-09-14,113886.72580295958
2023-09-15,113886.72580295958
2023-09-18,113495.84627348343
2023-09-19,113495.84627348343
2023-09-20,113495.84627348343
2023-09-21,113495.84627348343
2023-09-22,114165.319081502
2023-09-25,113221.13749568652
2023-09-26,112349.69702804784
2023-09-27,112140.25458988994
2023-09-28,111680.75427720736
2023-09-29,111680.75427720736
2023-10-02,111101.35543182307
2023-10-03,110478.25129137399
2023-10-04,111415.16823913112
2023-10-05,109046.40454182173
2023-10-06,108072.41391544005
2023-10-09,108072.41391544005
2023-10-10,108072.41391544005
2023-10-11,108072.41391544005
2023-10-12,108462.58230145267
2023-10-13,109241.19621750797
2023-10-16,109840.7671015104
2023-10-17,109840.7671015104
2023-10-18,109840.7671015104
2023-10-19,109404.7166911598
2023-10-20,108594.17539522212
2023-10-23,107782.99971155096
2023-10-24,107782.99971155096
2023-10-25,106998.87893333813
2023-10-26,106998.87893333813
2023-10-27,106998.87893333813
2023-10-30,107505.19112703923
2023-10-31,107505.19112703923
2023-11-01,108032.40131168447
2023-11-02,108032.40131168447
2023-11-03,108032.40131168447
2023-11-06,108032.40131168447
2023-11-07,108032.40131168447
2023-11-08,108148.24063461767
2023-11-09,108561.57648812908
2023-11-10,109225.68609787722
2023-11-13,109225.68609787722
2023-11-14,109225.68609787722
2023-11-15,109225.68609787722
2023-11-16,109225.68609787722
2023-11-17,109375.4595316913
2023-11-20,109375.4595316913
2023-11-21,109375.4595316913
2023-11-22,109410.47181471475
2023-11-24,109410.47181471475
2023-11-27,110311.4874857023
2023-11-28,110289.42518820518
2023-11-29,110289.42518820518
2023-11-30,109808.62446009701
2023-12-01,109808.62446009701
2023-12-04,109808.62446009701
2023-12-05,109861.75839221309
2023-12-06,109861.75839221309
2023-12-07,110154.73543221554
2023-12-08,110748.09406854931
2023-12-11,110748.09406854931
2023-12-12,110748.09406854931
2023-12-13,110748.09406854931
2023-12-14,110748.09406854931
2023-12-15,110748.09406854931
2023-12-18,111394.58562777896
2023-12-19,111394.58562777896
2023-12-20,111354.89586576005
2023-12-21,111952.93705518497
2023-12-22,111952.93705518497
2023-12-26,112735.08249410396
2023-12-27,112735.08249410396
2023-12-28,112974.22322712718
2023-12-29,113568.01151778175
2024-01-02,112765.12734455199
2024-01-03,112511.46180836589
2024-01-04,112561.55926551759
2024-01-05,113214.27031501729
2024-01-08,113214.27031501729
2024-01-09,113214.27031501729
2024-01-10,113283.55200651701
2024-01-11,113283.55200651701
2024-01-12,113283.55200651701
2024-01-16,110963.75157827638
2024-01-17,110284.64465976176
2024-01-18,110574.74872970024
2024-01-19,110574.74872970024
2024-01-22,110574.74872970024
2024-01-23,111064.80796761875
2024-01-24,111064.80796761875
2024-01-25,111773.0442527705
2024-01-26,111773.0442527705
2024-01-29,111773.0442527705
2024-01-30,111251.22503506622
2024-01-31,111251.22503506622
2024-02-01,111405.78856157078
2024-02-02,111405.78856157078
2024-02-05,111405.78856157078
2024-02-06,111405.78856157078
2024-02-07,111405.78856157078
2024-02-08,111314.89721844716
2024-02-09,111694.24092700728
2024-02-12,111847.41157116476
2024-02-13,111847.41157116476
2024-02-14,113213.78740921839
2024-02-15,113280.21922876978
2024-02-16,113280.21922876978
2024-02-20,114113.45024977229
2024-02-21,114485.73236071304
2024-02-22,115456.63497431653
2024-02-23,115615.56577403507
2024-02-26,115592.44266088028
2024-02-27,115550.81753727591
2024-02-28,114639.13972849621
2024-02-29,114953.11059689551
2024-03-01,114953.11059689551
2024-03-04,114953.11059689551
2024-03-05,114953.11059689551
2024-03-06,114953.11059689551
2024-03-07,115467.71716995593
2024-03-08,115631.13261888173
2024-03-11,115608.00639235796
2024-03-12,115608.00639235796
2024-03-13,115734.39401370134
2024-03-14,115734.39401370134
2024-03-15,115734.39401370134
2024-03-18,116095.80762133651
2024-03-19,115576.60953484768
2024-03-20,115572.02798611819
2024-03-21,115572.02798611819
2024-03-22,115530.81019267852
2024-03-25,115634.66096491765
2024-03-26,115634.66096491765
2024-03-27,115634.66096491765
2024-03-28,115634.66096491765
2024-04-01,115894.30257550912
2024-04-02,116387.71375106684
2024-04-03,116186.20081206692
2024-04-04,117411.31876098274
2024-04-05,118769.77956427359
2024-04-08,118769.77956427359
2024-04-09,118781.68150135512
2024-04-10,117460.15869038149
2024-04-11,117854.80373492865
2024-04-12,116340.32041591815
2024-04-15,116847.20151777801
2024-04-16,115558.80903923072
2024-04-17,116950.93416147615
2024-04-18,117003.88270451427
2024-04-19,116197.65568925191
2024-04-22,116197.65568925191
2024-04-23,116197.65568925191
2024-04-24,116197.65568925191
2024-04-25,114414.98000560285
2024-04-26,114414.98000560285
2024-04-29,114414.98000560285
2024-04-30,114414.98000560285
2024-05-01,114836.35514261166
2024-05-02,114836.35514261166
2024-05-03,116616.04089160169
2024-05-06,117461.88259333541
2024-05-07,117461.88259333541
2024-05-08,116490.9671562031
2024-05-09,116490.9671562031
2024-05-10,116490.9671562031
2024-05-13,117062.47043517703
2024-05-14,116766.7774237187
2024-05-15,117566.24038268236
2024-05-16,117566.24038268236
2024-05-17,117566.24038268236
2024-05-20,117566.24038268236
2024-05-21,117566.24038268236
2024-05-22,117469.08714689352
2024-05-23,117944.04773037035
2024-05-24,118540.72243876885
2024-05-28,118783.69758435707
2024-05-29,117758.03455540199
2024-05-30,117927.46563376689
2024-05-31,117927.46563376689
2024-06-03,117927.46563376689
2024-06-04,118162.68218665425
2024-06-05,118162.68218665425
2024-06-06,118162.68218665425
2024-06-07,118077.09787696281
2024-06-10,117376.13419051365
2024-06-11,117376.13419051365
2024-06-12,116438.2093929092
2024-06-13,117450.61362110381
2024-06-14,116473.50257962818
2024-06-17,116473.50257962818
2024-06-18,116473.50257962818
2024-06-20,116473.50257962818
2024-06-21,117070.88622802979
2024-06-24,117391.04031557664
2024-06-25,117391.04031557664
2024-06-26,116438.80134696708
2024-06-27,116763.28674733825
2024-06-28,117569.1258104894
2024-07-01,117569.1258104894
2024-07-02,117569.1258104894
2024-07-03,118290.69125421019
2024-07-05,118290.69125421019
2024-07-08,118397.21362724424
2024-07-09,118397.21362724424
2024-07-10,118397.21362724424
2024-07-11,118397.21362724424
2024-07-12,118887.32178054051
2024-07-15,118887.32178054051
2024-07-16,119379.548316968
2024-07-17,119379.548316968
2024-07-18,119188.38630001161
2024-07-19,120345.05668082842
2024-07-22,121507.82254800144
2024-07-23,121507.82254800144
2024-07-24,120697.48655191448
2024-07-25,120473.8104309878
2024-07-26,121121.75254374905
2024-07-29,120333.49487478253
2024-07-30,119947.25061410772
2024-07-31,120789.4708795562
2024-08-01,120789.4708795562
2024-08-02,117982.46340875687
2024-08-05,117982.46340875687
2024-08-06,117982.46340875687
2024-08-07,117982.46340875687
2024-08-08,119568.76407759813
2024-08-09,119568.76407759813
2024-08-12,119568.76407759813
2024-08-13,120255.06908056066
2024-08-14,120255.06908056066
2024-08-15,120255.06908056066
2024-08-16,120255.06908056066
2024-08-19,119216.57955992155
2024-08-20,119216.57955992155
2024-08-21,118208.95351695846
2024-08-22,117665.86084148432
2024-08-23,118807.56240774626
2024-08-26,118807.56240774626
2024-08-27,117446.81241648138
2024-08-28,118760.07790777994
2024-08-29,118736.32589219838
2024-08-30,118736.32589219838
2024-09-03,118477.4106216878
2024-09-04,118047.23360968078
2024-09-05,118047.23360968078
2024-09-06,118047.23360968078
2024-09-09,119349.99757430358
2024-09-10,118671.82301955903
2024-09-11,119478.98692156651
2024-09-12,119478.98692156651
2024-09-13,119478.98692156651
2024-09-16,119478.98692156651
2024-09-17,119478.98692156651
2024-09-18,119478.98692156651
2024-09-19,120763.75796786578
2024-09-20,120256.18186184499
2024-09-23,120372.56213406955
2024-09-24,120372.56213406955
2024-09-25,120372.56213406955
2024-09-26,122444.75902103636
2024-09-27,123217.0397930054
2024-09-30,123960.10379808732
2024-10-01,123886.82356930966
2024-10-02,123886.82356930966
2024-10-03,123886.82356930966
2024-10-04,125333.72998993717
2024-10-07,125333.72998993717
2024-10-08,125622.35952616273
2024-10-09,125012.83175349614
2024-10-10,125012.83175349614
2024-10-11,125012.83175349614
2024-10-14,125012.83175349614
2024-10-15,124455.65381977375
2024-10-16,123701.53034240953
2024-10-17,123993.5361254589
2024-10-18,123993.5361254589
2024-10-21,123993.5361254589
2024-10-22,124747.65244689785
2024-10-23,124328.78887671034
2024-10-24,124328.78887671034
2024-10-25,124254.62542310762
2024-10-28,123782.90471628156
2024-10-29,123782.90471628156
2024-10-30,123081.46491457708
2024-10-31,123357.96535533015
2024-11-01,123357.96535533015
2024-11-04,125184.29714785809
2024-11-05,124981.51382188995
2024-11-06,124981.51382188995
2024-11-07,124981.51382188995
2024-11-08,124981.51382188995
2024-11-11,123899.91051821587
2024-11-12,122788.51088441261
2024-11-13,122559.9431953042
2024-11-14,122790.81762715962
2024-11-15,122382.6979758359
2024-11-18,122382.6979758359
2024-11-19,122382.6979758359
2024-11-20,122382.6979758359
2024-11-21,122383.78707191566
2024-11-22,122051.36201404774
2024-11-25,122051.36201404774
2024-11-26,119145.85629406036
2024-11-27,119070.89156216031
2024-11-29,119070.89156216031
2024-12-02,119070.89156216031
2024-12-03,119070.89156216031
2024-12-04,119070.89156216031
2024-12-05,119070.89156216031
2024-12-06,119070.89156216031
2024-12-09,119966.54372795724
2024-12-10,119966.54372795724
2024-12-11,120015.31621605433
2024-12-12,120015.31621605433
2024-12-13,120064.80691656866
2024-12-16,120064.80691656866
2024-12-17,119574.76099677577
2024-12-18,119550.84604457642
2024-12-19,120054.47690645303
2024-12-20,120387.24008805973
2024-12-23,120387.24008805973
2024-12-24,120794.9312226364
2024-12-26,119780.02516642705
2024-12-27,119780.02516642705
2024-12-30,118714.28277365012
2024-12-31,118146.92894059153
2025-01-02,118146.92894059153
2025-01-03,118146.92894059153
2025-01-06,120511.40309565866
2025-01-07,120511.40309565866
2025-01-08,120511.40309565866
2025-01-10,119002.66585761639
2025-01-13,118490.51745159505
2025-01-14,118490.51745159505
2025-01-15,118490.51745159505
2025-01-16,117845.53936985601
2025-01-17,118252.24821930325
2025-01-21,118659.71254978549
2025-01-22,118659.71254978549
2025-01-23,118659.71254978549
2025-01-24,118659.71254978549
2025-01-27,116536.44939071435
2025-01-28,116536.44939071435
2025-01-29,116536.44939071435
2025-01-30,116536.44939071435
2025-01-31,116536.44939071435
2025-02-03,112903.92760089514
2025-02-04,112903.92760089514
2025-02-05,112903.92760089514
2025-02-06,113437.8664831551
2025-02-07,113437.8664831551
2025-02-10,113437.8664831551
2025-02-11,113437.8664831551
2025-02-12,113437.8664831551
2025-02-13,113437.8664831551
2025-02-14,113437.8664831551
2025-02-18,113437.8664831551
2025-02-19,113437.8664831551
2025-02-20,113746.73931462219
2025-02-21,113746.73931462219
2025-02-24,113367.62657748298
2025-02-25,113769.3835753147
2025-02-26,113905.46210486752
2025-02-27,113905.46210486752
2025-02-28,113882.68101244654
2025-03-03,114777.94301725533
2025-03-04,113723.48630676478
2025-03-05,113723.48630676478
2025-03-06,113723.48630676478
2025-03-07,113723.48630676478
2025-03-10,113723.48630676478
2025-03-11,113816.1500591754
2025-03-12,113816.1500591754
2025-03-13,113816.1500591754
2025-03-14,113816.1500591754
2025-03-17,113816.1500591754
2025-03-18,113816.1500591754
2025-03-19,113903.93087545258
2025-03-20,112620.220965195
2025-03-21,112620.220965195
2025-03-24,113662.24410617905
2025-03-25,114106.52537800539
2025-03-26,114106.52537800539
2025-03-27,112922.08713486082
2025-03-28,112922.08713486082
2025-03-31,112854.95751540826
2025-04-01,112606.90209330498
2025-04-02,112606.90209330498
2025-04-03,112606.90209330498
2025-04-04,112606.90209330498
2025-04-07,110287.68680929046
2025-04-08,113320.17703920227
2025-04-09,112289.36908605529
2025-04-10,112289.36908605529
2025-04-11,113107.77473302014
2025-04-14,113107.77473302014
2025-04-15,113107.77473302014
2025-04-16,113305.80822047115
2025-04-17,113305.80822047115
2025-04-21,113305.80822047115
2025-04-22,114663.11287001887
2025-04-23,114663.11287001887
2025-04-24,115755.82134563965
2025-04-25,115755.82134563965
2025-04-28,115755.82134563965
2025-04-29,115915.15439789018
2025-04-30,114574.27834516522
2025-05-01,114574.27834516522
2025-05-02,115868.78242842731
2025-05-05,116218.5101709067
2025-05-06,114880.05789320031
2025-05-07,114880.05789320031
2025-05-08,114880.05789320031
2025-05-09,116064.65081532735
2025-05-12,116549.69086648905
2025-05-13,117100.82052420762
2025-05-14,117100.82052420762
2025-05-15,116916.71312782257
2025-05-16,117375.37773487365
2025-05-19,117375.37773487365
2025-05-20,117375.37773487365
2025-05-21,116858.31402293108
2025-05-22,116858.31402293108
2025-05-23,115800.9739529132
2025-05-27,115800.9739529132
2025-05-28,115800.9739529132
2025-05-29,116726.36737291579
2025-05-30,116916.52227255428
2025-06-02,117921.84610146238
2025-06-03,117739.87107260275
2025-06-04,118053.74349761856
2025-06-05,118768.21799890416
2025-06-06,118768.21799890416
2025-06-09,118768.21799890416
2025-06-10,119041.38490030162
2025-06-11,119041.38490030162
2025-06-12,118722.28626884753
2025-06-13,118722.28626884753
2025-06-16,118722.28626884753
2025-06-17,117666.51926295116
2025-06-18,117902.64726455069
2025-06-20,117159.29476604168
2025-06-23,116450.36711943653
2025-06-24,116450.36711943653
2025-06-25,116450.36711943653
2025-06-26,116450.36711943653
2025-06-27,116450.36711943653
2025-06-30,116450.36711943653
2025-07-01,116450.36711943653
2025-07-02,116450.36711943653
2025-07-03,116450.36711943653
