entry_time,pct_return_gross
2016-01-05,98925.9
2016-01-06,96907.4159364
2016-01-07,96006.46769043928
2016-01-08,96086.24906509004
2016-01-11,96744.34378493686
2016-01-12,94692.87997497727
2016-01-13,96017.44398006724
2016-01-14,94262.24510411161
2016-01-15,94372.34340639322
2016-01-19,93341.98616108223
2016-01-20,93787.97417095987
2016-01-21,95420.35386140543
2016-01-22,94197.25576560994
2016-01-25,95288.05998737569
2016-01-26,94404.16794293279
2016-01-27,94824.36089444679
2016-01-28,96788.55270601434
2016-01-29,96758.64504322819
2016-02-01,95279.49563645235
2016-02-02,95763.89659226808
2016-02-03,95888.67694952781
2016-02-04,94337.29404516141
2016-02-05,93256.66034187409
2016-02-08,93261.69620153256
2016-02-09,93196.50627588767
2016-02-10,92163.7025933383
2016-02-11,93781.35990125657
2016-02-12,95123.65250552325
2016-02-16,96447.58350109514
2016-02-17,96108.66669267228
2016-02-18,96073.77924666285
2016-02-19,97255.77495273454
2016-02-22,96210.66439509245
2016-02-23,96584.63524759618
2016-02-24,97576.173113048
2016-02-25,97387.16806572804
2016-02-26,96650.82368798307
2016-02-29,98673.62877694887
2016-03-01,99045.92437832429
2016-03-02,99378.32250053794
2016-03-03,99651.01661747943
2016-03-04,99720.3737250452
2016-03-07,98793.77201239207
2016-03-08,99210.68173028437
2016-03-09,99280.12920749556
2016-03-10,100638.87705582935
2016-03-11,100530.08642973201
2016-03-14,100391.55597063183
2016-03-15,100886.48634156706
2016-03-16,101430.46627592079
2016-03-17,101321.732816073
2016-03-18,101445.2440083758
2016-03-21,101400.81099150014
2016-03-22,100827.69360777616
2016-03-23,100793.1097088687
2016-03-24,100842.59912573577
2016-03-28,101633.91100107542
2016-03-29,102014.22509604144
2016-03-30,101802.03550784166
2016-03-31,102394.5233544973
2016-04-01,102113.34799336584
2016-04-04,101244.87396868227
2016-04-05,102183.92017474178
2016-04-06,101147.77522416989
2016-04-07,101375.15542287382
2016-04-08,101177.47386979923
2016-04-11,101978.1923980048
2016-04-12,102851.83957227852
2016-04-13,102856.77646057801
2016-04-14,102758.23966872877
2016-04-15,103374.37807378244
2016-04-18,103650.18091448328
2016-04-19,103733.82661048128
2016-04-20,103261.42276409715
2016-04-21,103261.42276409715
2016-04-22,103108.69911982905
2016-04-25,103236.76012413588
2016-04-26,103418.97300575498
2016-04-27,102621.3024669616
2016-04-28,102152.93884250238
2016-04-29,102838.89582682979
2016-05-02,102079.84193673196
2016-05-03,101596.18764563571
2016-05-04,101581.35460223944
2016-05-05,101897.47577776163
2016-05-06,101966.56226633894
2016-05-09,103042.71736449786
2016-05-10,102224.76427405847
2016-05-11,102249.4004422485
2016-05-12,101494.49311878339
2016-05-13,102344.20501517382
2016-05-16,101530.26155268816
2016-05-17,101554.93340624546
2016-05-18,101258.49455563263
2016-05-19,101802.1514129018
2016-05-20,101683.65370865719
2016-05-23,102804.81767444884
2016-05-24,103396.35659534762
2016-05-25,103420.9649282173
2016-05-26,103800.10618564415
2016-05-27,103632.7804144729
2016-05-31,103814.86320966114
2016-06-01,104080.62925947785
2016-06-02,103815.01549360767
2016-06-03,104267.7527761753
2016-06-06,104405.38620983985
2016-06-07,104695.42437273078
2016-06-08,104572.61663994157
2016-06-09,103727.2516070243
2016-06-10,103048.04556350151
2016-06-13,102875.54313522822
2016-06-14,102757.23626062273
2016-06-15,103018.54791243348
2016-06-16,102693.31835667392
2016-06-17,103255.35888804
2016-06-20,103501.622918988
2016-06-21,103358.79067935978
2016-06-22,104501.31875152941
2016-06-23,101316.11855598279
2016-06-24,99773.98591544217
2016-06-27,101300.52789994846
2016-06-28,102768.6764508024
2016-06-29,103956.99065660304
2016-06-30,104144.00928279429
2016-07-01,103509.4598342342
2016-07-05,104036.42649425029
2016-07-06,103977.33380400157
2016-07-07,105296.07832863773
2016-07-08,105615.23074205182
2016-07-11,106262.96895219281
2016-07-12,106253.19275904921
2016-07-13,106758.10793104021
2016-07-14,106635.6563812433
2016-07-15,106875.69324375747
2016-07-18,106787.52079683138
2016-07-19,107159.78209432914
2016-07-20,106817.19227097357
2016-07-21,107228.5452784091
2016-07-22,106978.91722500097
2016-07-25,107022.99253889768
2016-07-26,106925.0665007246
2016-07-27,107027.92841469828
2016-07-28,107174.77073248324
2016-07-29,107101.3560145315
2016-08-01,106518.83173916847
2016-08-02,106783.42451720856
2016-08-03,106881.34491749086
2016-08-04,107620.75006163005
2016-08-05,107566.93968659925
2016-08-08,107620.72315644253
2016-08-09,107395.68822432241
2016-08-10,107821.40473244364
2016-08-11,107738.27442939492
2016-08-12,108002.34094002137
2016-08-15,107528.21066329468
2016-08-16,107704.34187236115
2016-08-17,107909.73405231177
2016-08-18,107772.79659979939
2016-08-19,107767.94682395241
2016-08-22,107953.73876427692
2016-08-23,107484.4638618686
2016-08-24,107420.83305926238
2016-08-25,107249.60425136592
2016-08-26,107699.83809001313
2016-08-29,107548.1967179824
2016-08-30,107288.89801569532
2016-08-31,107293.83330500404
2016-09-01,107704.8759803955
2016-09-02,107978.76948001365
2016-09-06,107968.94341199099
2016-09-07,107763.58648162139
2016-09-08,105568.01117064482
2016-09-09,106858.7912432283
2016-09-12,105551.1602147849
2016-09-13,105506.93427865492
2016-09-14,106410.0736360802
2016-09-15,106062.11269529023
2016-09-16,106076.85532895486
2016-09-19,106101.35908253586
2016-09-20,107082.16004589484
2016-09-21,107674.53855526874
2016-09-22,107185.37312661216
2016-09-23,106416.85400129434
2016-09-26,106990.33442750733
2016-09-27,107440.87072578157
2016-09-28,106653.11426162014
2016-09-29,107324.38896278277
2016-09-30,107084.62627783993
2016-10-03,106609.70596029771
2016-10-04,107036.03817443295
2016-10-05,107109.46489662062
2016-10-06,106771.64164433668
2016-10-07,107212.50175268615
2016-10-10,106101.3513845213
2016-10-11,106199.38903320058
2016-10-12,105944.40430013188
2016-10-13,105939.53085753408
2016-10-14,105674.68203039024
2016-10-17,106199.77952539925
2016-10-18,106430.23304696937
2016-10-19,106293.04447657181
2016-10-20,106288.1549965259
2016-10-21,106700.02159713746
2016-10-24,106415.87943962427
2016-10-25,106229.65165060492
2016-10-26,105989.36017857125
2016-10-27,105704.88473585199
2016-10-28,105729.4082691107
2016-10-31,105076.7406318655
2016-11-01,104521.62021110734
2016-11-02,104152.86793500256
2016-11-03,104034.75858276428
2016-11-04,105983.53768053661
2016-11-07,106371.01349429667
2016-11-08,107346.54205905288
2016-11-09,107581.41629307809
2016-11-10,107375.93578795833
2016-11-11,107424.89921467764
2016-11-14,108134.44067399058
2016-11-15,108002.5166563683
2016-11-16,108427.83056696109
2016-11-17,108232.44361627942
2016-11-18,108921.55958478426
2016-11-21,109111.9544709385
2016-11-22,109170.54759048938
2016-11-23,109512.14223390003
2016-11-25,109097.6387755447
2016-11-28,109244.04780678147
2016-11-29,109039.10597309597
2016-11-30,108687.67293454467
2016-12-01,108707.23671567289
2016-12-02,109268.81830054605
2016-12-05,109571.27438960197
2016-12-06,110785.54325238754
2016-12-07,111028.93909091305
2016-12-08,111617.61452597305
2016-12-09,111486.3522112905
2016-12-12,112098.96971669156
2016-12-13,111346.11303607427
2016-12-14,111715.670785241
2016-12-15,111555.24708199341
2016-12-16,111744.8910020328
2016-12-19,112114.20786679452
2016-12-20,111866.54758161676
2016-12-21,111715.86334202433
2016-12-22,111827.69092122969
2016-12-23,112060.96348449137
2016-12-27,111293.4579455861
2016-12-28,111249.71961661347
2016-12-29,110909.29547458663
2016-12-30,111590.611276687
2017-01-03,112178.80538872644
2017-01-04,112096.24178796033
2017-01-05,112479.94722360052
2017-01-06,112174.11424709955
2017-01-09,112154.70812533482
2017-01-10,112387.87776352737
2017-01-11,112188.83883200816
2017-01-12,112392.79814100475
2017-01-13,112072.36627350474
2017-01-17,112271.51886837275
2017-01-18,111960.75130414509
2017-01-19,112266.85199821062
2017-01-20,112028.95853882642
2017-01-23,112631.33824888969
2017-01-24,113451.51965401809
2017-01-25,113354.63205623357
2017-01-26,113214.07231248384
2017-01-27,112632.15198079766
2017-01-30,112593.29388836428
2017-01-31,112651.50462130457
2017-02-01,112700.05741979636
2017-02-02,113364.87505851575
2017-02-03,113204.9172198082
2017-02-06,113200.04940836775
2017-02-07,113321.28666128412
2017-02-08,113878.82739165764
2017-02-09,114266.35704127146
2017-02-10,114765.01542339956
2017-02-13,115195.49899625275
2017-02-14,115688.53573195673
2017-02-15,115625.71685705427
2017-02-16,115751.28638556102
2017-02-17,116340.57618454992
2017-02-21,116277.86861398646
2017-02-22,116340.658663038
2017-02-23,116475.73016774577
2017-02-24,116610.84201474037
2017-02-27,116364.79313808927
2017-02-28,117720.79207252742
2017-03-01,117118.7679418685
2017-03-02,117171.82274374618
2017-03-03,116906.78008069983
2017-03-06,116574.06338459016
2017-03-07,116405.26414080927
2017-03-08,116501.76410478199
2017-03-09,116849.17236534244
2017-03-10,116911.80352173027
2017-03-13,116550.19531343755
2017-03-14,117360.68537164718
2017-03-15,117196.84985486839
2017-03-16,117047.42387130343
2017-03-17,116897.95431101977
2017-03-20,115649.13346511514
2017-03-21,115851.98204521296
2017-03-22,115721.53271343006
2017-03-23,115697.34691309294
2017-03-24,115571.69959434532
2017-03-27,116277.14924866922
2017-03-28,116402.61229270854
2017-03-29,116701.7670063008
2017-03-30,116455.75968145153
2017-03-31,116325.44568636798
2017-04-03,116388.14510159295
2017-04-04,116069.707136595
2017-04-05,116325.64084083118
2017-04-06,116238.74558712308
2017-04-07,116291.86669385638
2017-04-10,116180.80796116375
2017-04-11,115809.14555649599
2017-04-12,115142.66392381836
2017-04-13,115988.73221833057
2017-04-17,115689.36530047507
2017-04-18,115534.80430843364
2017-04-19,116298.25829530376
2017-04-20,115999.02287670993
2017-04-21,117080.59776601239
2017-04-24,117649.49239055744
2017-04-25,117615.72698624134
2017-04-26,117683.12079780445
2017-04-27,117480.82351315304
2017-04-28,117697.5756325348
2017-05-01,117750.53954156944
2017-05-02,117649.39182810324
2017-05-03,117740.9230549455
2017-05-04,118135.82611087179
2017-05-05,118130.98254200125
2017-05-08,118034.70579122953
2017-05-09,118212.82016226849
2017-05-10,118044.36689353726
2017-05-11,117871.07776293755
2017-05-12,118367.07925816398
2017-05-15,118309.316123486
2017-05-16,116562.59738023886
2017-05-17,116914.84954952195
2017-05-18,117546.54048163805
2017-05-19,118071.62087796952
2017-05-22,118283.4413658246
2017-05-23,118509.59930571605
2017-05-24,119000.2290468417
2017-05-25,118995.46903767984
2017-05-26,118913.71915045095
2017-05-30,118865.67800791416
2017-05-31,119654.23291581868
2017-06-01,120004.81981826203
2017-06-02,119932.81692637107
2017-06-05,119635.14367475982
2017-06-06,119808.01645736984
2017-06-07,119836.77038131961
2017-06-08,119745.57459905943
2017-06-09,119673.48776315081
2017-06-12,120148.9505300338
2017-06-13,120057.75747658152
2017-06-14,119851.37819147926
2017-06-15,119875.34846711755
2017-06-16,120715.55478452359
2017-06-19,120049.08420655823
2017-06-20,120001.0645728756
2017-06-21,119953.06414704645
2017-06-22,120092.32965452116
2017-06-23,120135.56289319678
2017-06-26,119343.74939816773
2017-06-27,120222.95479998401
2017-06-28,119349.65525631694
2017-06-29,119517.81892057309
2017-06-30,119743.58808051406
2017-07-03,119916.49782170233
2017-07-05,119009.20959918333
2017-07-06,119648.52707315012
2017-07-07,119754.17672255571
2017-07-10,119682.20446234546
2017-07-11,120421.72080371827
2017-07-12,120623.1863426229
2017-07-13,121083.60504489268
2017-07-14,121088.4483890945
2017-07-17,121150.80894001489
2017-07-18,121687.50702361914
2017-07-19,121720.97108805065
2017-07-20,121634.7926405203
2017-07-21,121620.43973498873
2017-07-24,121859.91038082693
2017-07-25,121883.79492326158
2017-07-26,121802.37654825284
2017-07-27,121658.77154630245
2017-07-28,121620.44903326537
2017-07-31,121831.21727144002
2017-08-01,121883.84835730128
2017-08-02,121697.12230161791
2017-08-03,121869.44542679701
2017-08-04,122056.14941719087
2017-08-07,121821.67955416045
2017-08-08,121821.67955416045
2017-08-09,120351.9009903395
2017-08-10,120495.84186392395
2017-08-11,121498.3672682318
2017-08-14,121512.70407556946
2017-08-15,121689.86959811163
2017-08-16,120090.49964198364
2017-08-17,119912.88579301313
2017-08-18,119999.34298366989
2017-08-21,121031.45733267245
2017-08-22,120691.11687465297
2017-08-23,120475.32115768109
2017-08-24,120672.05735713158
2017-08-25,120705.60418907685
2017-08-28,120815.92911130568
2017-08-29,121295.44753394845
2017-08-30,121832.05859383864
2017-08-31,122052.3309557763
2017-09-01,121348.82132014721
2017-09-05,121665.05634850753
2017-09-06,121660.31141130993
2017-09-07,121521.37533567821
2017-09-08,122608.62708080653
2017-09-11,123005.5112066671
2017-09-12,123038.9687057153
2017-09-13,123000.70358644784
2017-09-14,123163.18751588553
2017-09-15,123363.94351153643
2017-09-18,123469.04959140827
2017-09-19,123516.83211360013
2017-09-20,123235.09021954902
2017-09-21,123254.19165853305
2017-09-22,123053.53383451296
2017-09-25,123096.60257135503
2017-09-26,123502.82135984051
2017-09-27,123627.06519812852
2017-09-28,123975.69352198725
2017-09-29,124443.45381364573
2017-10-02,124681.88747115267
2017-10-03,124810.68386091039
2017-10-04,125439.97932893709
2017-10-05,125344.77038462643
2017-10-06,125154.2463336418
2017-10-09,125402.05174138244
2017-10-10,125573.47634611289
2017-10-11,125421.0301458287
2017-10-12,125535.28870429155
2017-10-13,125711.54024963238
2017-10-16,125763.96196191646
2017-10-17,125873.5023727853
2017-10-18,125925.86574977238
2017-10-19,126449.46549955996
2017-10-20,126068.97905787178
2017-10-23,126230.725558003
2017-10-24,125716.84027425638
2017-10-25,125783.47019960172
2017-10-26,126711.87799314498
2017-10-27,126336.30398677332
2017-10-30,126474.26323072688
2017-10-31,126631.21779139621
2017-11-01,126683.51648434406
2017-11-02,127025.81534588475
2017-11-03,127177.86524685378
2017-11-06,127130.30072525145
2017-11-07,127306.12193115444
2017-11-08,126921.27552455656
2017-11-09,126883.19914189921
2017-11-10,126983.05621962389
2017-11-13,126735.9471922205
2017-11-14,126179.70311999385
2017-11-15,127064.7275576775
2017-11-16,126789.12416360491
2017-11-17,126960.28948122577
2017-11-20,127649.55689281934
2017-11-21,127587.7745072832
2017-11-22,127829.93610329802
2017-11-24,127772.92395179596
2017-11-27,128860.14376170181
2017-11-28,128817.49105411669
2017-11-29,129708.77927472012
2017-11-30,129538.34193875313
2017-12-01,129391.57499733652
2017-12-04,129012.58707416932
2017-12-05,129026.77845874749
2017-12-06,129363.28029696789
2017-12-07,129960.16247225807
2017-12-08,130319.8922019813
2017-12-11,130509.11668545858
2017-12-12,130485.49453533851
2017-12-13,130050.32541106317
2017-12-14,130963.79889675045
2017-12-15,131672.83690397747
2017-12-18,131261.88598000014
2017-12-19,131200.4554173615
2017-12-20,131384.79205722292
2017-12-21,131361.1427946526
2017-12-22,131219.4041215772
2017-12-26,131304.43429544795
2017-12-27,131517.0161745723
2017-12-28,131134.43317452047
2017-12-29,131895.40629023223
2018-01-02,132608.30096123094
2018-01-03,133065.79959954717
2018-01-04,133824.80692046296
2018-01-05,134041.4692828672
2018-01-08,134295.7459500968
2018-01-09,134112.16366538304
2018-01-10,134945.40253823606
2018-01-11,135716.61551374206
2018-01-12,135350.18065185496
2018-01-16,136407.6716132879
2018-01-17,136229.25037881773
2018-01-18,136731.52762496442
2018-01-19,137674.5649709938
2018-01-22,137913.5680157834
2018-01-23,137861.98834134554
2018-01-24,137936.98526300324
2018-01-25,139286.14691586068
2018-01-26,138495.8373182601
2018-01-29,137250.62124493162
2018-01-30,137363.16675435248
2018-01-31,137269.34771145924
2018-02-01,134714.07880381044
2018-02-02,129976.85822267445
2018-02-05,132045.9598287212
2018-02-06,131465.2216973945
2018-02-07,127335.24175777084
2018-02-08,128998.62202085262
2018-02-09,130501.71396463958
2018-02-12,130804.60844275153
2018-02-13,132318.27937165104
2018-02-14,133677.84969219475
2018-02-15,133772.09257622776
2018-02-16,133055.87679257462
2018-02-20,132442.75531231443
2018-02-21,132565.52974648893
2018-02-22,134396.52484334743
2018-02-23,135752.45138249197
2018-02-26,134286.1891551097
2018-02-27,133052.5019353417
2018-02-28,131514.9472229769
2018-03-01,132082.03967540237
2018-03-02,133347.64977957206
2018-03-05,133644.6149956312
2018-03-06,133644.6149956312
2018-03-07,134144.17856648486
2018-03-08,136112.8785311266
2018-03-09,136023.58848281018
2018-03-12,135267.16130725728
2018-03-13,134655.75373814846
2018-03-14,134566.34231766633
2018-03-15,134684.0878671943
2018-03-16,133178.0503966633
2018-03-19,133310.1630226568
2018-03-20,133088.60153171315
2018-03-21,130291.74457052421
2018-03-22,127896.07026310598
2018-03-23,130898.1747203919
2018-03-26,129062.58961628782
2018-03-27,128678.37028700013
2018-03-28,130187.38153535579
2018-03-29,127705.87985591037
2018-04-02,129055.47559422762
2018-04-03,130340.86813114614
2018-04-04,131098.40925672435
2018-04-05,128629.3018167832
2018-04-06,129103.94394048712
2018-04-09,130896.81040998866
2018-04-10,130319.55547608061
2018-04-11,131238.1780226315
2018-04-12,130907.06409948041
2018-04-13,131853.39126585555
2018-04-16,133011.195894561
2018-04-17,133110.28923550245
2018-04-18,132482.8073320463
2018-04-19,131557.2824400246
2018-04-20,131519.5254999643
2018-04-23,130039.66779903871
2018-04-24,130285.96292985008
2018-04-25,131384.6644552375
2018-04-26,131526.55989284915
2018-04-27,130666.11313803014
2018-04-30,130846.04037582119
2018-05-01,130098.38610111375
2018-05-02,129852.10985622433
2018-05-03,131254.77234689126
2018-05-04,131670.98123000326
2018-05-07,131661.5009193547
2018-05-08,132744.02177991366
2018-05-09,133801.46065741242
2018-05-10,134070.13399041252
2018-05-11,134197.36654756943
2018-05-14,133396.47666401355
2018-05-15,133863.3643323376
2018-05-16,133806.74012922504
2018-05-17,133523.87268059189
2018-05-18,134372.6839392224
2018-05-21,134042.93337283554
2018-05-22,134372.8130318661
2018-05-23,134151.3666359896
2018-05-24,133892.18619564886
2018-05-25,132595.97594108875
2018-05-29,134050.15600923466
2018-05-30,133305.64144275937
2018-05-31,134480.19744951153
2018-06-01,135012.47007101667
2018-06-04,135139.5168053535
2018-06-05,136076.03365681463
2018-06-06,136047.86591784767
2018-06-07,136405.12761374796
2018-06-08,136555.44606437828
2018-06-11,136715.21593627357
2018-06-12,136316.00750573966
2018-06-13,136593.27426500636
2018-06-14,135907.57602819602
2018-06-15,135724.23670813398
2018-06-18,135263.45292450985
2018-06-19,135484.60867004143
2018-06-20,134746.08206818104
2018-06-21,134962.61902206458
2018-06-22,133418.7816230712
2018-06-25,133635.72056199028
2018-06-26,132890.70141985719
2018-06-27,133353.29395149974
2018-06-28,133532.52077857053
2018-06-29,133744.70395408772
2018-07-02,133344.00482104125
2018-07-03,134235.54283727473
2018-07-05,135215.59653552965
2018-07-06,136274.33465640288
2018-07-09,136654.94887309818
2018-07-10,135861.25693004322
2018-07-11,136858.07097213896
2018-07-12,136970.70516454903
2018-07-13,136895.64521811885
2018-07-16,137332.34232636465
2018-07-17,137595.1964295773
2018-07-18,137135.4908783061
2018-07-19,137036.8904603646
2018-07-20,137252.86059973013
2018-07-23,137797.34269772927
2018-07-24,138876.0202963671
2018-07-25,138524.8028410376
2018-07-26,137760.9770781721
2018-07-27,137113.77600785886
2018-07-30,137648.93107561753
2018-07-31,137522.29405902795
2018-08-01,138151.04598746583
2018-08-02,138662.06670657347
2018-08-03,139093.0284098975
2018-08-06,139472.3350983713
2018-08-07,139416.12774732662
2018-08-08,139270.99555834167
2018-08-09,138470.46587587232
2018-08-10,138020.57533224163
2018-08-13,138742.69898237992
2018-08-14,137885.4078453678
2018-08-15,138851.43301273245
2018-08-16,139244.9379738905
2018-08-17,139516.4656029396
2018-08-20,139764.52587878163
2018-08-21,139736.43320908002
2018-08-22,139563.29976833393
2018-08-23,140284.0046483376
2018-08-24,141200.33976670055
2018-08-27,141242.41746795102
2018-08-28,141910.2116177395
2018-08-29,141443.61084194036
2018-08-30,141424.94028530922
2018-08-31,141242.92638716204
2018-09-04,140925.41228864368
2018-09-05,140547.02755664868
2018-09-06,140285.32899133817
2018-09-07,140519.04434943773
2018-09-10,140949.03262514703
2018-09-11,140972.4301645628
2018-09-12,141645.1506013081
2018-09-13,141691.8935010065
2018-09-14,141061.78965060753
2018-09-17,141692.33585034576
2018-09-18,141827.65203108283
2018-09-19,142774.91891899845
2018-09-20,142704.95920872813
2018-09-21,142304.10097831083
2018-09-24,142145.574209821
2018-09-25,141777.13288146912
2018-09-26,142141.07478157588
2018-09-27,142094.45250904752
2018-09-28,142565.63771356753
2018-10-01,142528.28551648656
2018-10-02,142588.86003783107
2018-10-03,141661.0343255649
2018-10-04,140946.92105152973
2018-10-05,140942.26980313504
2018-10-08,140811.47537675773
2018-10-09,136975.34835306872
2018-10-10,134575.81420061967
2018-10-11,135260.8050949008
2018-10-12,134963.77236691242
2018-10-15,136093.95899671296
2018-10-16,136128.7990502161
2018-10-17,135346.46684207453
2018-10-18,135306.94567375662
2018-10-19,135080.44184669876
2018-10-22,134785.02092038002
2018-10-23,133145.9002809673
2018-10-24,134110.54232850287
2018-10-25,133158.49158851284
2018-10-26,132851.9607408761
2018-10-29,133695.57069158068
2018-10-30,134255.75513277837
2018-10-31,134787.94494612474
2018-11-01,134478.0674606936
2018-11-02,134809.01798471436
2018-11-05,135132.1552008237
2018-11-06,136289.83237442918
2018-11-07,136189.65934763398
2018-11-08,135673.09196972838
2018-11-09,134629.63021938922
2018-11-12,134543.06336715815
2018-11-13,134167.82276342713
2018-11-14,134736.29182847578
2018-11-15,134878.03440747934
2018-11-16,133971.11450412346
2018-11-19,132981.2019390525
2018-11-20,133157.53501282368
2018-11-21,132814.65436016567
2018-11-23,133643.4178033731
2018-11-26,133816.21874259287
2018-11-27,135025.24827893218
2018-11-28,134945.71840769588
2018-11-29,135288.48053245145
2018-11-30,135989.00428464846
2018-12-03,134262.0799192377
2018-12-04,134137.2161849128
2018-12-06,132922.87196679082
2018-12-07,133006.61337612986
2018-12-10,133013.39671341205
2018-12-11,133300.57263691633
2018-12-12,133268.98040120138
2018-12-13,132304.11298309665
2018-12-14,131207.70879880572
2018-12-17,131193.80078167305
2018-12-18,130358.09627069379
2018-12-19,129539.83850040265
2018-12-20,128478.51860356885
2018-12-21,127146.45332268704
2018-12-24,129649.71269570409
2018-12-26,130134.34332176064
2018-12-27,130033.74947437292
2018-12-28,130528.00775612501
2018-12-31,130558.29025392442
2019-01-02,129289.26367265629
2019-01-03,131035.70304634655
2019-01-04,131429.59636970388
2019-01-07,131911.68012918794
2019-01-08,132180.12039825085
2019-01-09,132397.42451618557
2019-01-10,132360.8828270191
2019-01-11,132064.12972772092
2019-01-14,132654.98464412274
2019-01-15,132802.89495200096
2019-01-16,133218.43521030573
2019-01-17,133912.3700393162
2019-01-18,133212.54399349075
2019-01-22,133293.93685787075
2019-01-23,133345.92149324532
2019-01-24,133786.0963800945
2019-01-25,133384.0691604723
2019-01-28,133332.1827575689
2019-01-29,135016.30155797978
2019-01-30,136031.2190967911
2019-01-31,136150.7905383772
2019-02-01,136977.77044010727
2019-02-04,137469.65761375768
2019-02-05,137326.55170018176
2019-02-06,136190.58646451787
2019-02-07,136348.29516364378
2019-02-08,136410.4699862384
2019-02-11,137853.6927586928
2019-02-12,138235.27178024888
2019-02-13,138025.43063768646
2019-02-14,139274.8368358188
2019-02-15,139489.0415348723
2019-02-19,139722.2672123186
2019-02-20,139308.27013456848
2019-02-21,140036.71307910213
2019-02-22,140217.50047568724
2019-02-25,140112.89822033237
2019-02-26,140041.58075513822
2019-02-27,139818.074392253
2019-02-28,140569.87617826014
2019-03-01,140127.7839176795
2019-03-04,139994.66252295772
2019-03-05,139257.31063544928
2019-03-06,138314.5386424473
2019-03-07,138042.7505740149
2019-03-08,139750.0633131143
2019-03-11,140159.2514984951
2019-03-12,140963.06480583898
2019-03-13,140906.11572765742
2019-03-14,141490.59429569577
2019-03-15,141955.95686033432
2019-03-18,141993.85910081604
2019-03-19,141562.05577529047
2019-03-20,142877.30883549867
2019-03-21,140639.85017913475
2019-03-22,140497.24137105313
2019-03-25,141367.34078686405
2019-03-26,140730.90501864158
2019-03-27,141229.9368078377
2019-03-28,141970.97028626842
2019-03-29,143380.4580792705
2019-04-01,143484.69567229412
2019-04-02,143683.7089451916
2019-04-03,143991.47944975222
2019-04-04,144564.27755500333
2019-04-05,144682.53113404333
2019-04-08,144058.22601219994
2019-04-09,144465.3345589104
2019-04-10,144441.6422440427
2019-04-11,145250.6598822516
2019-04-12,145184.4255813453
2019-04-15,145264.85775311734
2019-04-16,144967.06479472347
2019-04-17,145189.29930505378
2019-04-18,145321.71194602
2019-04-22,146422.95987914695
2019-04-23,146135.09234002457
2019-04-24,146102.06580915573
2019-04-25,146645.12718776835
2019-04-26,146800.86431284173
2019-04-29,146843.28976262815
2019-04-30,145970.45324827908
2019-05-01,145677.63651906306
2019-05-02,146887.05225744433
2019-05-03,146401.14988857668
2019-05-06,144371.44434652146
2019-05-07,144234.14710294793
2019-05-08,143779.80953957365
2019-05-09,144362.2615480185
2019-05-10,141362.12502852757
2019-05-13,142383.32501973363
2019-05-14,142740.56478220815
2019-05-15,143245.4381598428
2019-05-16,142900.35989931575
2019-05-17,142502.95399843575
2019-05-20,143009.1244910382
2019-05-21,142646.16733307994
2019-05-22,141189.17937993986
2019-05-23,141510.38476302923
2019-05-24,140391.3206403232
2019-05-28,139516.54232141335
2019-05-29,139824.31581377436
2019-05-30,138286.38816413868
2019-05-31,137964.04259332805
2019-06-03,140473.33260001554
2019-06-04,141485.16201473345
2019-06-05,141867.45492249727
2019-06-06,142425.27775525252
2019-06-07,142693.7494038212
2019-06-10,142689.32589758968
2019-06-11,142432.9131789517
2019-06-12,142969.3155299836
2019-06-13,142824.77355198283
2019-06-14,142922.75134663947
2019-06-17,144120.87277117834
2019-06-18,144409.54687933903
2019-06-19,145614.788957594
2019-06-20,145424.32481363745
2019-06-21,145280.20930774714
2019-06-24,144071.62324651598
2019-06-25,143955.2133749328
2019-06-26,144383.6240899366
2019-06-27,145049.08821336715
2019-06-28,146090.68571582736
2019-07-01,146452.84452571688
2019-07-02,147441.54767910996
2019-07-03,147219.0583836622
2019-07-05,146630.03493106915
2019-07-08,146783.1166875372
2019-07-09,147363.05678156967
2019-07-10,147659.84597792773
2019-07-11,148220.65807295192
2019-07-12,148299.36324238867
2019-07-15,147854.761751388
2019-07-16,147015.98168797235
2019-07-17,147475.2596147656
2019-07-18,146798.3481731338
2019-07-19,147030.28956324732
2019-07-22,147939.52487390646
2019-07-23,148537.20055439704
2019-07-24,147935.17928055007
2019-07-25,148769.2378213338
2019-07-26,148574.79642750137
2019-07-29,148278.3897086285
2019-07-30,146860.9965814037
2019-07-31,145854.11758884162
2019-08-01,144850.787113948
2019-08-02,141246.17527661737
2019-08-05,142802.0018972893
2019-08-06,142887.54029642578
2019-08-07,143964.05502501904
2019-08-08,143573.7684718462
2019-08-09,142851.01812135894
2019-08-12,143741.6942193456
2019-08-13,142089.8146693769
2019-08-14,142215.84833498867
2019-08-15,143048.66434283837
2019-08-16,143742.87951089416
2019-08-19,143290.6644119529
2019-08-20,143762.52056986146
2019-08-21,143747.28174268102
2019-08-22,142281.92195259614
2019-08-23,142895.8684458216
2019-08-26,142647.9441140681
2019-08-27,143072.46439575157
2019-08-28,143814.86741350114
2019-08-29,143788.8369224993
2019-08-30,143454.09651014372
2019-09-03,144088.88088720108
2019-09-04,144830.07409048485
2019-09-05,144890.3234013065
2019-09-06,144918.28723372298
2019-09-09,144896.83932721236
2019-09-10,145328.77680524677
2019-09-11,145760.69392991197
2019-09-12,145610.7061758581
2019-09-13,145288.0328509724
2019-09-16,145592.70185586088
2019-09-17,145651.81249281435
2019-09-18,145642.78208043982
2019-09-19,144979.23356528132
2019-09-20,145070.28052396033
2019-09-23,144087.86458425206
2019-09-24,144789.1402211836
2019-09-25,144534.31133439433
2019-09-26,143878.84823249286
2019-09-27,144448.17683494883
2019-09-30,143014.38423168514
2019-10-01,140875.74712988452
2019-10-02,141826.79929875836
2019-10-03,143425.18732685535
2019-10-04,142928.36247795512
2019-10-07,141085.8729572518
2019-10-08,142109.73313730257
2019-10-09,142532.93592258546
2019-10-10,143755.58344692938
2019-10-11,143664.87367377436
2019-10-14,144840.33967017318
2019-10-15,144668.12450630535
2019-10-16,144976.4122796283
2019-10-17,144514.22747728083
2019-10-18,145316.71498246217
2019-10-21,144886.4321893991
2019-10-22,145230.8272387133
2019-10-23,145475.39595178328
2019-10-24,145955.46475842418
2019-10-25,146675.17115514795
2019-10-28,146593.76643515687
2019-10-29,147036.91939109034
2019-10-30,146675.35560630765
2019-10-31,147842.1580601558
2019-11-01,148334.47244649613
2019-11-04,148199.04307315248
2019-11-05,148208.08321477997
2019-11-06,148677.6064224044
2019-11-07,148975.40766806848
2019-11-08,148740.92037639895
2019-11-11,148984.5580039755
2019-11-12,149065.75458808767
2019-11-13,149223.61522219641
2019-11-14,150152.38300333938
2019-11-15,150224.456147181
2019-11-18,150192.90901139006
2019-11-19,149742.63067017394
2019-11-20,149535.38686932638
2019-11-21,149828.3266922034
2019-11-22,150774.49257526468
2019-11-25,151044.52969146697
2019-11-26,151629.37411043237
2019-11-27,151184.34189741823
2019-11-29,150095.81463575683
2019-12-02,149212.9510540693
2019-12-03,150028.996683384
2019-12-04,150272.1936870078
2019-12-05,151393.52479630025
2019-12-06,151006.71434044573
2019-12-09,150880.7747406858
2019-12-10,151186.7609518599
2019-12-11,152311.28807981985
2019-12-12,152396.58240114452
2019-12-13,153294.96025439928
2019-12-16,153321.94016740407
2019-12-17,153326.3865036689
2019-12-18,153860.42230786118
2019-12-19,154492.7886435465
2019-12-20,154663.03969663166
2019-12-23,154649.58401217806
2019-12-24,155344.1152939768
2019-12-26,155308.23080334387
2019-12-27,154605.30575072794
2019-12-30,154901.0657006291
2019-12-31,156137.33110598582
2020-01-02,155139.9258348808
2020-01-03,155672.8314801236
2020-01-06,155265.59135297162
2020-01-07,155955.12584417016
2020-01-08,156840.95095896503
2020-01-09,156452.14224153775
2020-01-10,157382.2502271637
2020-01-13,157181.27309362363
2020-01-14,157480.54623759387
2020-01-15,158583.69746398818
2020-01-16,159052.15370629678
2020-01-17,158757.90722194014
2020-01-21,158784.73730826066
2020-01-22,158967.65732563977
2020-01-23,157728.02753381446
2020-01-24,155589.23548045594
2020-01-27,156963.39960821933
2020-01-28,156860.58858147592
2020-01-29,157267.3280876677
2020-01-30,154872.7757502049
2020-01-31,155840.4208530922
2020-02-03,156790.1123777709
2020-02-04,158324.4604174998
2020-02-05,158530.7571894238
2020-02-06,158210.52505990118
2020-02-07,159225.44557816043
2020-02-10,159438.0115480073
2020-02-11,160314.28285947512
2020-02-12,160203.6660043021
2020-02-13,160376.20535258873
2020-02-14,160026.90597733078
2020-02-18,160668.29381648792
2020-02-19,160133.42906637283
2020-02-20,158700.55514308694
2020-02-21,154240.11734023536
2020-02-24,150242.0592586591
2020-02-25,150054.70741076357
2020-02-26,147374.1301175777
2020-02-27,147085.7189449376
2020-02-28,149599.4138817066
2020-03-02,147938.5611887919
2020-03-03,150445.52804669715
2020-03-04,148420.68168471666
2020-03-05,147423.5915451587
2020-03-06,143238.38320478323
2020-03-09,145744.76843410052
2020-03-10,142883.06990589696
2020-03-11,138919.63642977728
2020-03-12,142178.27434151058
2020-03-13,136045.84101261254
2020-03-16,139006.87874225207
2020-03-17,134961.50055709505
2020-03-18,136074.9329366911
2020-03-19,133869.97472338492
2020-03-20,132300.0815298038
2020-03-23,136893.27576035552
2020-03-24,137976.649144723
2020-03-25,141137.9701299269
2020-03-26,139638.09692135613
2020-03-27,141301.3262937864
2020-03-30,140393.60657367512
2020-03-31,137923.9426404376
2020-04-01,139244.0126954492
2020-04-02,138363.43355916318
2020-04-03,142111.56061084734
2020-04-06,142207.3438026991
2020-04-07,144098.13264589978
2020-04-08,144986.3535355291
2020-04-09,144446.4243549628
2020-04-13,146159.55894781265
2020-04-14,144913.11022910572
2020-04-15,145165.25904090435
2020-04-16,146741.89891934762
2020-04-17,145763.2771954545
2020-04-20,143986.42284644188
2020-04-21,145223.12223226996
2020-04-22,145216.29674552506
2020-04-23,146025.15151839764
2020-04-24,146894.73129568968
2020-04-27,146605.20178030588
2020-04-28,148137.66595451543
2020-04-29,147627.3316953021
2020-04-30,146041.96178022627
2020-05-01,146199.24897306354
2020-05-04,146728.92885209297
2020-05-05,146356.23737280865
2020-05-06,147048.6487318194
2020-05-07,148032.11009453784
2020-05-08,148054.1668789419
2020-05-11,146825.16923967982
2020-05-12,145787.9962441707
2020-05-13,146525.24614117751
2020-05-14,146780.3465947093
2020-05-15,148554.62742434617
2020-05-18,148004.23252973895
2020-05-19,148980.9124602027
2020-05-20,148539.9289593205
2020-05-21,148671.53533637847
2020-05-22,149420.54253140316
2020-05-26,150287.92878079796
2020-05-27,150193.09709773728
2020-05-28,150475.7605064752
2020-05-29,150877.98221430898
2020-06-01,151983.76694595764
2020-06-02,153663.03558694356
2020-06-03,153348.79467916826
2020-06-04,156724.92174282484
2020-06-05,158286.3721381486
2020-06-08,157853.45891035078
2020-06-09,157478.7147988976
2020-06-10,153858.12166695614
2020-06-11,154613.25732809753
2020-06-12,155168.31892190542
2020-06-15,156307.56471943003
2020-06-16,156089.9845893406
2020-06-17,156109.65192739887
2020-06-18,155739.04761372323
2020-06-19,156167.79721180382
2020-06-22,156435.78115181928
2020-06-23,154873.45700545606
2020-06-24,156190.96550420148
2020-06-25,154734.79713280583
2020-06-26,155655.469175746
2020-06-29,156550.33246803735
2020-06-30,156881.90607220467
2020-07-01,157208.06355492878
2020-07-02,158179.29497157113
2020-07-06,157532.65801372734
2020-07-07,158013.44768598527
2020-07-08,157701.52914025311
2020-07-09,158994.05087308664
2020-07-10,157790.94289013
2020-07-13,158616.34731238827
2020-07-14,159907.96022855304
2020-07-15,159686.32779567628
2020-07-16,160039.2345801047
2020-07-17,161125.10078673073
2020-07-20,161390.47382772647
2020-07-21,162204.8501586612
2020-07-22,160573.0693660651
2020-07-23,159707.74109525137
2020-07-24,160706.87272354326
2020-07-27,159873.6075884717
2020-07-28,161445.32502467395
2020-07-29,161010.7142097075
2020-07-30,161491.0091701951
2020-07-31,162443.32165127172
2020-08-03,163003.26378100368
2020-08-04,163858.5419060626
2020-08-05,164817.44209329688
2020-08-06,164921.93635158404
2020-08-07,165335.06580214473
2020-08-10,164186.97910521465
2020-08-11,166072.3381862798
2020-08-12,165863.75132951784
2020-08-13,165877.35215712688
2020-08-14,166326.38214941623
2020-08-17,166611.96454756678
2020-08-18,165995.66689070532
2020-08-19,166490.0019867058
2020-08-20,166965.83041238383
2020-08-21,168410.91967460304
2020-08-24,168931.14100547787
2020-08-25,170377.69836590783
2020-08-26,170680.1187805073
2020-08-27,171609.64270738597
2020-08-28,171298.51442515748
2020-08-31,172489.03910041234
2020-09-01,174605.9970772917
2020-09-02,169527.23244030453
2020-09-03,168198.8170469023
2020-09-04,166414.56399566875
2020-09-08,167712.93042396297
2020-09-09,166598.47800129573
2020-09-10,166591.9806606537
2020-09-11,167458.5921440504
2020-09-14,167790.99744945634
2020-09-15,167547.19713016227
2020-09-16,166951.56684436454
2020-09-17,165363.0226858404
2020-09-18,163813.07507420602
2020-09-21,164448.50599241885
2020-09-22,161165.1271217742
2020-09-23,161540.96419822218
2020-09-24,162599.5421366131
2020-09-25,164922.4391955768
2020-09-28,164564.7224249616
2020-09-29,164938.6134743111
2020-09-30,165460.31430873036
2020-10-01,164172.2057618369
2020-10-02,166612.1330838693
2020-10-05,164623.7838876464
2020-10-06,165765.12058133946
2020-10-07,166327.8931657131
2020-10-08,166925.34295796434
2020-10-09,168010.0238365052
2020-10-12,167592.1829072238
2020-10-13,167162.47655024967
2020-10-14,167003.8393600035
2020-10-15,166915.66133282142
2020-10-16,164795.49860257193
2020-10-19,165272.58157102639
2020-10-20,165007.64962276802
2020-10-21,165820.31229716016
2020-10-22,166221.92909354388
2020-10-23,163685.3824555764
2020-10-26,163238.6850468551
2020-10-27,160995.78551431134
2020-10-28,162410.4554816256
2020-10-29,161743.59815141803
2020-10-30,162436.02249510426
2020-11-02,163563.4909272428
2020-11-03,165070.40136915544
2020-11-04,166326.7521939761
2020-11-05,166324.75627294977
2020-11-06,167167.35748822856
2020-11-09,166951.21009499626
2020-11-10,168010.84942546923
2020-11-11,166654.32982720798
2020-11-12,168566.52160764535
2020-11-13,170358.21516581302
2020-11-16,169655.82824468438
2020-11-17,167827.27772786317
2020-11-18,168514.36260288104
2020-11-19,168022.63769280585
2020-11-20,168898.7077257361
2020-11-23,171151.8164867974
2020-11-24,170888.07153759126
2020-11-25,171118.08688188088
2020-11-27,170518.31798735991
2020-11-30,171973.52131306406
2020-12-01,172365.96488870043
2020-12-02,172305.6368009894
2020-12-03,173546.92660850374
2020-12-04,173301.53125427928
2020-12-07,173710.52286803938
2020-12-08,172346.2004214338
2020-12-09,172384.9783165286
2020-12-10,172096.23347784844
2020-12-11,171600.42422919875
2020-12-14,173463.83323590358
2020-12-15,173661.92893345898
2020-12-16,174509.92013244107
2020-12-17,173929.32562816044
2020-12-18,173326.8344441845
2020-12-21,173189.03961080135
2020-12-22,173266.628300547
2020-12-23,173882.41789752714
2020-12-24,175160.45366907396
2020-12-28,174919.78320573265
2020-12-29,175083.1582832468
2020-12-30,175972.93089364227
2020-12-31,173860.0239124023
2021-01-04,174832.59688616832
2021-01-05,175636.6519992478
2021-01-06,177926.427031362
2021-01-07,178787.94679104784
2021-01-08,177755.8039742231
2021-01-11,177738.7394170416
2021-01-12,178154.64806727748
2021-01-13,177708.90513781316
2021-01-14,176547.0443160221
2021-01-15,177731.6749833826
2021-01-19,179789.45231634023
2021-01-20,179930.58703640857
2021-01-21,179400.15166582522
2021-01-22,180084.92204473368
2021-01-25,179772.65478990812
2021-01-26,176148.79761465313
2021-01-27,177295.35013832693
2021-01-28,175908.72320489507
2021-01-29,178282.96324199156
2021-02-01,179275.46449835974
2021-02-02,179386.61528634874
2021-02-03,180188.29407006345
2021-02-04,180793.54654984476
2021-02-05,181332.85369920294
2021-02-08,181247.9899236717
2021-02-09,181192.8905347349
2021-02-10,181409.23484603336
2021-02-11,182206.5284331817
2021-02-12,182066.77602587343
2021-02-16,182096.45291036565
2021-02-17,181452.3777564217
2021-02-18,181146.99340465764
2021-02-19,179976.24038628332
2021-02-22,180150.27741073686
2021-02-23,181857.02113892615
2021-02-24,178118.40449835212
2021-02-25,177186.66712442125
2021-02-26,178942.23262229
2021-03-01,177821.69636160924
2021-03-02,176872.66196812733
2021-03-03,175997.67290937097
2021-03-04,177282.80791695518
2021-03-05,176943.1340569863
2021-03-08,177945.163025151
2021-03-09,178830.9740466902
2021-03-10,179579.0240111275
2021-03-11,179787.51525800442
2021-03-12,180750.27740221104
2021-03-15,180508.79503160168
2021-03-16,181033.53409875857
2021-03-17,178831.62322351534
2021-03-18,178564.62761004266
2021-03-19,179728.86898206014
2021-03-22,178591.00551253473
2021-03-23,177810.74140945048
2021-03-24,178624.9367943644
2021-03-25,181036.5520660251
2021-03-26,180978.25829625982
2021-03-29,180562.00830217844
2021-03-30,181203.36455566777
2021-03-31,182863.9121884559
2021-04-01,185095.40050889162
2021-04-05,185004.14847644072
2021-04-06,185186.5625668385
2021-04-07,185932.86441398284
2021-04-08,187080.44205314596
2021-04-09,187138.43699018244
2021-04-12,187610.2129898347
2021-04-13,187064.0796598213
2021-04-14,188773.47121975274
2021-04-15,189310.72051884414
2021-04-16,188517.6979105907
2021-04-19,187347.94559505547
2021-04-20,188854.0357296941
2021-04-21,187387.20643418157
2021-04-22,189112.66783102756
2021-04-23,189451.36861911297
2021-04-26,189414.2361508636
2021-04-27,189368.77673418738
2021-04-28,190393.07244754263
2021-04-29,189332.58303400982
2021-04-30,189679.44032612813
2021-05-03,188684.38198217726
2021-05-04,188734.00597463857
2021-05-05,190015.1324071944
2021-05-06,191191.51609192736
2021-05-07,189579.38922824024
2021-05-10,188142.37745789016
2021-05-11,184743.5854091134
2021-05-12,186631.1106212383
2021-05-13,187777.02564045272
2021-05-14,187358.47065030012
2021-05-17,186734.56694303462
2021-05-18,186255.96624795964
2021-05-19,187940.0926947737
2021-05-20,187874.12572223783
2021-05-21,189485.52209855747
2021-05-24,189164.5336241225
2021-05-25,189436.17389440673
2021-05-26,189489.59489544496
2021-05-27,189876.34315862655
2021-05-28,189678.87176174155
2021-06-01,189954.47516241134
2021-06-02,189353.8391119478
2021-06-03,190745.0217679033
2021-06-04,190675.20908993625
2021-06-07,190691.60715791798
2021-06-08,190449.0474336131
2021-06-09,191193.32231098367
2021-06-10,191460.41938225215
2021-06-11,191825.91732285282
2021-06-14,191526.09341407722
2021-06-15,190618.4512573879
2021-06-16,190565.07809103583
2021-06-17,188386.15698814296
2021-06-18,190676.55588480478
2021-06-21,191543.94353752476
2021-06-22,191346.84481962465
2021-06-23,192312.18965173964
2021-06-24,192890.85703040173
2021-06-25,193223.20797706512
2021-06-28,193309.3855278229
2021-06-29,193448.76159478843
2021-06-30,194359.13146685352
2021-07-01,195620.91094833633
2021-07-02,195318.08977818832
2021-07-06,195903.45809325355
2021-07-07,194549.17748745487
2021-07-08,196314.71127315352
2021-07-09,196911.90062484646
2021-07-12,196339.67464163064
2021-07-13,196589.22236810016
2021-07-14,196020.882926234
2021-07-15,194711.8554700526
2021-07-16,192266.66398905969
2021-07-19,194610.58688975032
2021-07-20,195950.09155931248
2021-07-21,196297.90297183028
2021-07-22,198015.70592073677
2021-07-23,198428.17263616968
2021-07-26,197660.65246441297
2021-07-27,197591.27357539797
2021-07-28,198285.80690201547
2021-07-29,197469.26594919298
2021-07-30,197117.96812506937
2021-08-02,198479.06769497297
2021-08-03,197650.41758734646
2021-08-04,198712.59093146084
2021-08-05,198994.16667281074
2021-08-06,198855.4677386398
2021-08-09,199063.66941336216
2021-08-10,199488.07315655143
2021-08-11,199993.7754220033
2021-08-12,200303.56578013196
2021-08-13,200702.97109029756
2021-08-16,199586.66116509336
2021-08-17,197731.1039762415
2021-08-18,197988.54987361853
2021-08-19,199328.14040206347
2021-08-20,200821.1081736749
2021-08-23,201090.00763751945
2021-08-24,201448.3500311295
2021-08-25,200438.69090077345
2021-08-26,201962.8267063829
2021-08-27,202715.7441243443
2021-08-30,202459.5114237711
2021-08-31,202553.04771804888
2021-09-01,203081.91372564068
2021-09-02,203041.2973428956
2021-09-03,202423.2396337838
2021-09-07,202215.75581315916
2021-09-08,201479.28603048762
2021-09-09,200127.5615005091
2021-09-10,200563.63945701873
2021-09-13,199642.65122463208
2021-09-14,201061.910832188
2021-09-15,200789.0698191887
2021-09-16,199130.95368062187
2021-09-17,196311.65763841162
2021-09-20,196152.0562607516
2021-09-21,197780.31447977206
2021-09-22,199822.79178740468
2021-09-23,200100.14582240555
2021-09-24,199615.10306893208
2021-09-27,196197.29327418582
2021-09-28,196475.5010360486
2021-09-29,195515.1287869844
2021-09-30,197488.854012089
2021-10-01,195325.36361638654
2021-10-04,197052.23515611904
2021-10-05,197747.63249398497
2021-10-06,199203.4505644057
2021-10-07,198895.48202983313
2021-10-08,197671.2803379395
2021-10-11,197255.97297794948
2021-10-12,197860.75979109987
2021-10-13,200689.77293459297
2021-10-14,201985.8274882046
2021-10-15,202497.86156088722
2021-10-18,203824.62754983414
2021-10-19,204503.56738420264
2021-10-20,204957.3608002282
2021-10-21,204777.61319480638
2021-10-22,205709.55611245596
2021-10-25,205868.77530888704
2021-10-26,205092.85589474783
2021-10-27,206776.25805593195
2021-10-28,207131.29289101396
2021-10-29,207433.08318475616
2021-11-01,208146.65299091177
2021-11-02,209226.72597328163
2021-11-03,210065.51591770852
2021-11-04,210683.94879657024
2021-11-05,210838.59081498694
2021-11-08,210244.86934325192
2021-11-09,208808.68664076817
2021-11-10,208865.69141222112
2021-11-11,210205.7736883219
2021-11-12,210266.73336269154
2021-11-15,210974.70145392368
2021-11-16,210539.6716195257
2021-11-17,211145.6047944467
2021-11-18,210824.45232955433
2021-11-19,210320.16023958207
2021-11-22,210556.1394593709
2021-11-23,211035.99690119879
2021-11-24,207035.38750794274
2021-11-26,209193.52438732554
2021-11-29,205732.20833281285
2021-11-30,203792.15360823442
2021-12-01,205039.76917262402
2021-12-02,203523.50007959243
2021-12-03,204488.20146996967
2021-12-06,208083.71751641616
2021-12-07,208303.0377546785
2021-12-08,207740.41124970312
2021-12-09,209404.20420340198
2021-12-10,207835.1385013059
2021-12-13,206610.5738652562
2021-12-14,209356.8416130732
2021-12-15,207787.71208518322
2021-12-16,205914.29807302318
2021-12-17,204054.06830423148
2021-12-20,207133.85635714725
2021-12-21,208895.5298054648
2021-12-22,209414.6351970314
2021-12-23,211933.0555999109
2021-12-27,211784.9143940466
2021-12-28,212017.03066022243
2021-12-29,211516.88248489497
2021-12-30,211064.44787325978
2021-12-31,212105.6287946186
2022-01-03,212045.60290166968
2022-01-04,208584.38252550573
2022-01-05,208415.84634442508
2022-01-06,207717.44484332492
2022-01-07,207496.64119945647
2022-01-10,209095.40281989827
2022-01-11,209584.89515789962
2022-01-12,207130.86562049575
2022-01-13,207199.21880615054
2022-01-14,204081.2849615556
2022-01-18,202280.26762176986
2022-01-19,200379.64222719573
2022-01-20,197032.9014427171
2022-01-21,197746.3575788412
2022-01-24,195692.1684163122
2022-01-25,195274.16994457497
2022-01-26,194457.92391420665
2022-01-27,198562.1528563399
2022-01-28,201602.9336651819
2022-01-31,202146.45517434322
2022-02-01,202931.99629915072
2022-02-02,198877.21208109736
2022-02-03,199671.72654336135
2022-02-04,199416.945420292
2022-02-07,200811.26870267073
2022-02-08,203307.35277264492
2022-02-09,200203.8660325705
2022-02-10,198624.0573257075
2022-02-11,198364.05843466814
2022-02-14,199644.10170374706
2022-02-15,199833.56395626394
2022-02-16,198127.58482076932
2022-02-17,197036.892466331
2022-02-18,196190.22493940318
2022-02-22,193280.33152310195
2022-02-23,195583.0733928682
2022-02-24,199376.01593517605
2022-02-25,198940.9774684055
2022-02-28,197729.42691562293
2022-03-01,200820.9265054487
2022-03-02,200420.28875707035
2022-03-03,199768.72239832112
2022-03-04,194765.71451457756
2022-03-07,193510.2547188166
2022-03-08,195584.29762889288
2022-03-09,195231.07238737508
2022-03-10,194238.71284643008
2022-03-11,193671.9242823442
2022-03-14,195373.7194810132
2022-03-15,199059.05395158354
2022-03-16,200055.14545755726
2022-03-17,200928.38616747945
2022-03-18,200905.48033145638
2022-03-21,202903.88714431337
2022-03-22,200681.88667619595
2022-03-23,203253.42437206474
2022-03-24,204096.5195763601
2022-03-25,205303.54639313466
2022-03-28,207480.58519908748
2022-03-29,206434.46808851368
2022-03-30,203701.68859995794
2022-03-31,204191.99856441806
2022-04-01,205678.51631396697
2022-04-04,203469.73472727128
2022-04-05,201739.0211636811
2022-04-06,202603.67460838862
2022-04-07,202145.38509642446
2022-04-08,199207.6062148181
2022-04-11,198581.09829327252
2022-04-12,200514.68244735413
2022-04-13,198389.4273280946
2022-04-14,198458.6652382321
2022-04-18,201182.3119599616
2022-04-19,201056.3718326747
2022-04-20,198501.5485157969
2022-04-21,193872.69090595702
2022-04-22,194320.92456733162
2022-04-25,192070.1052980682
2022-04-26,192286.7603768444
2022-04-27,194229.24123017132
2022-04-28,188127.14115844303
2022-04-29,188580.9038229172
2022-05-02,188927.1383623361
2022-05-03,191227.13734475913
2022-05-04,188509.99095022745
2022-05-05,188059.26356186543
2022-05-06,185650.78857342864
2022-05-09,185822.32990207046
2022-05-10,184641.2431732129
2022-05-11,184563.69385108014
2022-05-12,186329.7838375411
2022-05-13,185688.06406200462
2022-05-16,187214.60563665838
2022-05-17,184196.33176458417
2022-05-18,183745.2349480927
2022-05-19,183777.20661897367
2022-05-20,185153.14656492992
2022-05-23,184587.13339588093
2022-05-24,185238.9105639018
2022-05-25,186718.96945930735
2022-05-26,190617.84826058714
2022-05-27,190188.95810200082
2022-05-31,189573.69682254086
2022-06-01,191010.09672336525
2022-06-02,189763.94685234202
2022-06-03,189996.59745118298
2022-06-06,190724.28441942102
2022-06-07,188964.2807227986
2022-06-08,187165.34077031756
2022-06-09,184994.97147874496
2022-06-10,182185.8228368402
2022-06-13,181966.106734499
2022-06-14,183003.1315767789
2022-06-15,177856.53450744512
2022-06-16,178008.24613137997
2022-06-17,179800.4331534307
2022-06-21,179671.33644242655
2022-06-22,180376.36676662663
2022-06-23,182670.03264643103
2022-06-24,182390.1821564167
2022-06-27,180900.41914856312
2022-06-28,180840.3602094058
2022-06-29,180253.89492124668
2022-06-30,181016.18864286863
2022-07-01,181152.1318005394
2022-07-05,181674.03109225674
2022-07-06,183985.10644178133
2022-07-07,183858.1567183365
2022-07-08,182072.34244213134
2022-07-11,180703.15842696652
2022-07-12,179896.68023090696
2022-07-13,179522.85492938713
2022-07-14,182438.12657058542
2022-07-15,181158.32311269277
2022-07-18,183117.00690218722
2022-07-19,184106.75432449355
2022-07-20,184856.80524161152
2022-07-21,183401.24275713906
2022-07-22,183588.12862350862
2022-07-25,181744.72022399996
2022-07-26,185754.19049686167
2022-07-27,187722.2561451759
2022-07-28,188821.93312167432
2022-07-29,188600.06735025634
2022-08-01,188101.40877218227
2022-08-02,190604.4742187137
2022-08-03,190497.54510867698
2022-08-04,190221.89516090474
2022-08-05,190032.62437521963
2022-08-08,189394.68485519203
2022-08-09,192776.13755859662
2022-08-10,192776.13755859662
2022-08-11,195547.68008827657
2022-08-12,196231.70587322535
2022-08-15,196559.21659032776
2022-08-16,195372.58859977196
2022-08-17,195855.9403839678
2022-08-18,193620.24482448483
2022-08-19,190194.1345923156
2022-08-22,189803.0954515938
2022-08-23,190317.84144645854
2022-08-24,192602.03617949894
2022-08-25,187061.6460067595
2022-08-26,186008.86306303344
2022-08-29,185192.09814532366
2022-08-30,184628.18820647112
2022-08-31,184860.26583904668
2022-09-01,184080.89495826926
2022-09-02,183488.8908000835
2022-09-06,186290.76616260075
2022-09-07,187325.61136863398
2022-09-08,189799.2460667568
2022-09-09,191536.47856600583
2022-09-12,184457.29031820624
2022-09-13,185053.27182322435
2022-09-14,184212.20470278777
2022-09-15,183653.6732981289
2022-09-16,184222.8160316798
2022-09-19,183377.97019735852
2022-09-20,182096.89169755977
2022-09-21,180798.72295664786
2022-09-22,178224.87233663703
2022-09-23,176723.1495623285
2022-09-26,176342.8413444704
2022-09-27,179291.29365174993
2022-09-28,176105.64594614564
2022-09-29,175016.96084290656
2022-09-30,176865.84001725103
2022-10-03,179058.2689701049
2022-10-04,178891.38666342475
2022-10-05,178153.4596934381
2022-10-06,176164.19816250118
2022-10-07,175626.7211939074
2022-10-10,175180.80494879608
2022-10-11,174950.7925518983
2022-10-12,178876.16348438527
2022-10-13,175410.08006454835
2022-10-14,177213.47109769197
2022-10-17,178045.84277143783
2022-10-18,177541.0828071808
2022-10-19,176945.25493327988
2022-10-20,178666.75531852577
2022-10-21,179539.36375150149
2022-10-24,180687.69752205609
2022-10-25,180142.56273863203
2022-10-26,179757.05765437137
2022-10-27,181468.7043573563
2022-10-28,180355.0309187152
2022-10-31,180039.77032466928
2022-11-01,176198.0817054815
2022-11-02,174657.22948096707
2022-11-03,175661.8578649416
2022-11-04,176334.99410428005
2022-11-07,176714.46701159247
2022-11-08,175257.98637448292
2022-11-09,183446.03949789878
2022-11-10,184155.24188659765
2022-11-11,183529.482374667
2022-11-14,184154.5837916351
2022-11-15,183592.72815648682
2022-11-16,183368.92862086406
2022-11-17,183702.2933330968
2022-11-18,183132.0814145909
2022-11-21,185228.39435054373
2022-11-22,186218.81057513607
2022-11-23,186185.84984566428
2022-11-25,183658.56311985923
2022-11-28,183389.8706420149
2022-11-29,188300.8679879374
2022-11-30,188185.6278567288
2022-12-01,188098.49791103115
2022-12-02,185219.83849900073
2022-12-05,182952.74767577293
2022-12-06,182828.15685460574
2022-12-07,183401.32312634494
2022-12-08,182234.340507292
2022-12-09,184467.62235020887
2022-12-12,185653.93362954308
2022-12-13,184645.83276993464
2022-12-14,180807.2305524805
2022-12-15,179000.6047048001
2022-12-16,178394.50865726965
2022-12-19,178602.69504887267
2022-12-20,180870.94927599333
2022-12-21,178678.25075792047
2022-12-22,179552.16608237746
2022-12-23,178949.22990867283
2022-12-27,177060.24183775688
2022-12-28,179769.79471860008
2022-12-29,179366.57106904624
2022-12-30,178721.9276126241
2023-01-03,179895.5945112562
2023-01-04,178149.7077665245
2023-01-05,181622.5581697251
2023-01-06,181535.3793418036
2023-01-09,182045.1306869954
2023-01-10,184000.11334544304
2023-01-11,184573.45769862743
2023-01-12,185179.59693370972
2023-01-13,184891.08712168701
2023-01-17,182409.66384142684
2023-01-18,181281.64248023147
2023-01-19,184152.23728890592
2023-01-20,186029.11689135447
2023-01-23,185860.2024532171
2023-01-24,185917.8191159776
2023-01-25,187655.59297125463
2023-01-26,188021.52137754858
2023-01-27,186015.89580901427
2023-01-30,188342.3966178976
2023-01-31,190043.50514415046
2023-02-01,192394.15325927848
2023-02-02,190658.56560272654
2023-02-03,189666.37842732994
2023-02-06,191775.84788819874
2023-02-07,189994.05848546946
2023-02-08,188594.94223878245
2023-02-09,188968.7374142997
2023-02-10,190853.70057000738
2023-02-13,190779.84018788676
2023-02-14,191304.67552824365
2023-02-15,189067.36734794083
2023-02-16,188665.0319902244
2023-02-17,185448.48185982305
2023-02-21,185230.02354819217
2023-02-22,186066.7075645594
2023-02-23,184378.3382601186
2023-02-24,184910.45414433727
2023-02-27,184329.09567650745
2023-02-28,183730.94776103718
2023-03-01,184944.3069400511
2023-03-02,187467.31717532725
2023-03-03,187574.17354611718
2023-03-06,185131.3950840261
2023-03-07,185386.87640924202
2023-03-08,182481.49328215639
2023-03-09,180241.5329521179
2023-03-10,180026.14432024013
2023-03-13,182553.17130806338
2023-03-14,181581.98843670447
2023-03-15,184291.37328616853
2023-03-16,182467.8101475019
2023-03-17,183959.84943107807
2023-03-20,186011.00175223456
2023-03-21,183317.1904248587
2023-03-22,183738.45332845504
2023-03-23,184220.21555308223
2023-03-24,184512.20459473386
2023-03-27,184162.73847923143
2023-03-28,186436.779973973
2023-03-29,187364.11651756353
2023-03-30,189610.79963872564
2023-03-31,190224.56979715617
2023-04-03,189324.99780658542
2023-04-04,188903.56036146797
2023-04-05,189529.96456762662
2023-04-06,189697.698586269
2023-04-10,189738.67328916362
2023-04-11,189084.07486631602
2023-04-12,191216.5650626583
2023-04-13,190820.36433984851
2023-04-14,191400.649067806
2023-04-17,191506.87642803864
2023-04-18,191482.36354785587
2023-04-19,190591.97055735832
2023-04-20,190718.71421777896
2023-04-21,190886.35596757638
2023-04-24,188311.8716846417
2023-04-25,187636.02037716552
2023-04-26,190808.57020970262
2023-04-27,192194.03123799528
2023-04-28,192026.630236787
2023-05-01,190193.5440245466
2023-05-02,189085.28624351558
2023-05-03,187947.18190561587
2023-05-04,190901.89955235407
2023-05-05,190946.76149874885
2023-05-08,190235.67575892754
2023-05-09,190988.05785655405
2023-05-10,190706.1594831578
2023-05-11,190493.52211533408
2023-05-12,191053.57307035316
2023-05-15,189966.66929315592
2023-05-16,191925.9855202455
2023-05-17,193497.8593416563
2023-05-18,193261.4049575408
2023-05-19,193326.72731241645
2023-05-22,191483.55029421987
2023-05-23,190303.054206656
2023-05-24,191705.5877161591
2023-05-25,193812.81553633508
2023-05-26,193878.13045517085
2023-05-30,192965.15833885747
2023-05-31,194523.54495760208
2023-06-01,196914.6283722209
2023-06-02,196593.46061334581
2023-06-05,196955.38917433497
2023-06-06,196378.11292866498
2023-06-07,197386.7109166666
2023-06-08,197687.3308773927
2023-06-09,199210.51176180303
2023-06-12,200330.07483790434
2023-06-13,200532.60854356547
2023-06-14,202643.61531370357
2023-06-15,202061.217563292
2023-06-16,201166.89461435686
2023-06-20,200292.2209565736
2023-06-21,200908.31982823607
2023-06-22,199616.27842342068
2023-06-23,198922.81147217774
2023-06-26,200777.16992072138
2023-06-27,200862.2994407678
2023-06-28,201534.78641929547
2023-06-29,203559.00181409088
2023-06-30,203757.06472285598
2023-07-03,203498.49700772268
2023-07-05,202144.6215071303
2023-07-06,201711.627727862
2023-07-07,202144.7025925937
2023-07-10,203237.2947101067
2023-07-11,204627.84428051327
2023-07-12,206008.67297371814
2023-07-13,205899.69438571503
2023-07-14,206508.74568170798
2023-07-17,207810.78332323118
2023-07-18,208205.416000762
2023-07-19,207030.09642743767
2023-07-20,207030.09642743767
2023-07-21,207815.77564337978
2023-07-24,208298.9473217506
2023-07-25,208327.06767963903
2023-07-26,207151.6863637905
2023-07-27,208876.01700108268
2023-07-28,209213.97839659042
2023-07-31,208707.2621409139
2023-08-01,206236.7942789519
2023-08-02,205736.87628961971
2023-08-03,204946.2294740387
2023-08-04,206464.06124952342
2023-08-07,205702.2088635127
2023-08-08,204532.38040170594
2023-08-09,204597.01263391285
2023-08-10,204496.14630668433
2023-08-11,205453.1882713996
2023-08-14,203419.61261388927
2023-08-15,202150.47765079123
2023-08-16,200843.3726623012
2023-08-17,200924.31254148408
2023-08-18,202034.21844396327
2023-08-21,201568.73160466837
2023-08-22,203475.7733743801
2023-08-23,201078.82876402992
2023-08-24,202285.9049731004
2023-08-25,203374.40542776068
2023-08-28,205876.7241121439
2023-08-29,206594.82212584704
2023-08-30,206336.78519301183
2023-08-31,206667.33672289105
2023-09-01,205905.5609197305
2023-09-05,204731.69331692712
2023-09-06,204194.6820853568
2023-09-07,204457.27644651855
2023-09-08,205600.19262185457
2023-09-11,204639.83412211787
2023-09-12,204845.70179524476
2023-09-13,206343.5335667716
2023-09-14,204238.62318085696
2023-09-15,204339.51706070828
2023-09-18,203980.0838501985
2023-09-19,202388.0192957477
2023-09-20,199543.65807256527
2023-09-21,199162.3301419886
2023-09-22,199872.34384894482
2023-09-25,197378.3367423977
2023-09-26,197443.27421518596
2023-09-27,198418.64398980894
2023-09-28,198008.512652682
2023-09-29,197943.56586053193
2023-10-02,195688.98864538048
2023-10-03,196902.06468599322
2023-10-04,196837.0870046468
2023-10-05,198825.53525756777
2023-10-06,199905.35673955161
2023-10-09,200789.3382270539
2023-10-10,201490.29380680452
2023-10-11,200445.56663341625
2023-10-12,199598.48366882344
2023-10-13,201383.29330979005
2023-10-16,201375.23797805764
2023-10-17,199095.0661584321
2023-10-18,197605.6359685009
2023-10-19,195541.24988953795
2023-10-20,195256.3462884489
2023-10-23,196506.57267373384
2023-10-24,194110.56803312298
2023-10-25,192133.3577871376
2023-10-26,191394.22075973044
2023-10-27,193339.55161953234
2023-10-30,194371.59814607742
2023-10-31,196132.41045368274
2023-11-01,199326.81902274184
2023-11-02,200872.79783108225
2023-11-03,201265.90589643767
2023-11-06,201751.96305917756
2023-11-07,201877.45278020034
2023-11-08,200537.39024864536
2023-11-09,203200.52679114736
2023-11-10,203034.71516128577
2023-11-13,206383.77278787113
2023-11-14,206754.85081134376
2023-11-15,206968.63532708268
2023-11-16,207186.36633144677
2023-11-17,208544.68014911577
2023-11-20,208158.24685679947
2023-11-21,208838.92432402124
2023-11-22,208951.69734315618
2023-11-24,208629.70277755038
2023-11-27,208806.8293952085
2023-11-28,208681.9629112302
2023-11-29,209378.33462146495
2023-11-30,210432.34515794943
2023-12-01,209491.71257509338
2023-12-04,209459.45085135679
2023-12-05,208739.3292593298
2023-12-06,210095.9261601862
2023-12-07,210863.82677030168
2023-12-08,211559.04480716336
2023-12-11,212382.22105050806
2023-12-12,214870.27877011476
2023-12-13,215454.94079864823
2023-12-14,215154.8120661157
2023-12-15,216183.89753222794
2023-12-18,217300.0549951868
2023-12-19,214741.99874778348
2023-12-20,216472.3897736931
2023-12-21,216844.2893393243
2023-12-22,217619.94136229105
2023-12-26,217955.51131187167
2023-12-27,218027.43663060458
2023-12-28,217488.2547798171
2023-12-29,216453.22817531996
2024-01-02,214953.4237572932
2024-01-03,214364.66632962198
2024-01-04,214613.114977898
2024-01-05,217216.80128880986
2024-01-08,216937.0260487499
2024-01-09,217980.49314404436
2024-01-10,217896.57065418392
2024-01-11,218028.39807942967
2024-01-12,217345.3151082468
2024-01-16,216318.14114904526
2024-01-17,217954.37156869663
2024-01-18,220263.59813546695
2024-01-19,220658.3105033257
2024-01-22,221208.4116714105
2024-01-23,221411.7022017365
2024-01-24,222435.50991271733
2024-01-25,222196.61417507104
2024-01-26,223689.77542232754
2024-01-29,223546.61396605725
2024-01-30,220444.23405743632
2024-01-31,222896.45571709122
2024-02-01,224890.26451348056
2024-02-02,224194.9038156049
2024-02-05,224747.54425351034
2024-02-06,226341.00434226773
2024-02-07,226428.37196994387
2024-02-08,227539.45599120038
2024-02-09,227452.30837955573
2024-02-12,224791.5712761317
2024-02-13,226528.0861642398
2024-02-14,227857.35297385155
2024-02-15,226890.09851047755
2024-02-16,225830.7486405321
2024-02-20,226005.5416399799
2024-02-21,229979.39707863564
2024-02-22,230113.93502592665
2024-02-23,229397.59034619093
2024-02-26,229761.87371966068
2024-02-27,229500.6344692414
2024-02-28,230201.52940691044
2024-02-29,232041.53023145988
2024-03-01,231828.05202364692
2024-03-04,229859.83186196614
2024-03-05,230849.37843813188
2024-03-06,232795.43869836532
2024-03-07,231610.50991539063
2024-03-08,231440.50780111272
2024-03-11,233555.64260190708
2024-03-12,233243.84581903354
2024-03-13,232852.92913344083
2024-03-14,231498.19079174247
2024-03-15,232668.41414619473
2024-03-18,233766.3763925506
2024-03-19,235605.4164756308
2024-03-20,236267.46769592733
2024-03-21,235885.42320066303
2024-03-22,235329.91302902548
2024-03-25,234963.2690245263
2024-03-26,236639.02705920918
2024-03-27,236603.5312051503
2024-03-28,236253.12137543547
2024-04-01,234976.8820137654
2024-04-02,235193.76567586407
2024-04-03,232753.3951632113
2024-04-04,234823.03835300254
2024-04-05,234933.40518102847
2024-04-08,235162.2303176748
2024-04-09,233163.3513599746
2024-04-10,234659.7937490029
2024-04-11,231906.76504873965
2024-04-12,229436.49418744046
2024-04-15,229080.17931196737
2024-04-16,227927.44784966952
2024-04-17,227526.97932379763
2024-04-18,225841.45946096696
2024-04-19,227608.66888124903
2024-04-22,229904.7851329231
2024-04-23,229813.74283801048
2024-04-24,229069.37612495816
2024-04-25,230915.2171577731
2024-04-26,231607.5009788121
2024-04-29,228492.1484831461
2024-04-30,227861.96713762957
2024-05-01,229670.05184686667
2024-05-02,232093.30056390294
2024-05-03,234128.75880984837
2024-05-06,234349.77635816488
2024-05-07,234369.46173937895
2024-05-08,235513.65345159062
2024-05-09,235773.8960386546
2024-05-10,235801.4815844911
2024-05-13,236719.69255378112
2024-05-14,239212.82435575753
2024-05-15,238792.28821054014
2024-05-16,239083.37600986878
2024-05-17,239319.35130199054
2024-05-20,239818.5714688065
2024-05-21,239233.17433585113
2024-05-22,237747.0578568768
2024-05-23,239081.29434556962
2024-05-24,239226.65577253173
2024-05-28,237799.66877084857
2024-05-29,236461.570034675
2024-05-30,238289.41797104303
2024-05-31,238454.55253769696
2024-06-03,238682.75354447553
2024-06-04,241093.68803802828
2024-06-05,241089.83053901966
2024-06-06,240842.47237288664
2024-06-07,241474.6838628655
2024-06-10,241969.22401541666
2024-06-11,243656.23344525215
2024-06-12,244075.56582301148
2024-06-13,244201.02066384448
2024-06-14,245854.01737271802
2024-06-17,246382.11180203466
2024-06-18,245814.94018066637
2024-06-20,245533.23625921935
2024-06-21,244856.30112685266
2024-06-24,245658.94008194644
2024-06-25,245917.12762797254
2024-06-26,246249.60758452557
2024-06-27,245424.1788999022
2024-06-28,245854.65290969264
2024-07-01,247259.2205417657
2024-07-02,248197.3220245012
2024-07-03,249415.9708756415
2024-07-05,249657.90436739085
2024-07-08,249864.6211122071
2024-07-09,251967.48176348742
2024-07-10,250120.8120896428
2024-07-11,251462.71024650376
2024-07-12,252047.36104782688
2024-07-15,253321.20841056257
2024-07-16,250301.11296389185
2024-07-17,248666.89699735062
2024-07-18,247261.1830286246
2024-07-19,249430.65264851775
2024-07-22,249094.91899005286
2024-07-23,244297.35085030444
2024-07-24,243216.090775441
2024-07-25,244306.4285103873
2024-07-26,244427.11588607143
2024-07-29,243932.39540351802
2024-07-30,247299.15032487738
2024-07-31,244326.1199396717
2024-08-01,240456.4828520672
2024-08-02,237655.40528332343
2024-08-05,238531.40310719775
2024-08-06,237895.23985511085
2024-08-07,240094.3434523315
2024-08-08,240517.3896854945
2024-08-09,240569.1009242769
2024-08-12,242151.80503925766
2024-08-13,242799.31896593265
2024-08-14,244464.193896082
2024-08-15,244928.4314002907
2024-08-16,245865.0377219654
2024-08-19,245525.7439699091
2024-08-20,246242.67914230123
2024-08-21,244599.7479870638
2024-08-22,246809.46211037895
2024-08-23,246310.4133779918
2024-08-26,246596.37976792364
2024-08-27,245380.6596156678
2024-08-28,245399.79930711785
2024-08-29,247390.97327869578
2024-08-30,243064.10515605137
2024-09-03,242639.95829255407
2024-09-04,242404.354893052
2024-09-05,238936.51819195197
2024-09-06,241212.14959121216
2024-09-09,241632.34115580004
2024-09-10,242623.0337545388
2024-09-11,244358.7589380188
2024-09-12,245443.71182770358
2024-09-13,245754.44356687742
2024-09-16,245837.75432324663
2024-09-17,245220.20988438663
2024-09-18,248775.9029277102
2024-09-19,248412.93888533872
2024-09-20,248938.5806640201
2024-09-23,249543.50141503365
2024-09-24,249074.8587193762
2024-09-25,249914.24099326052
2024-09-26,249608.09604804375
2024-09-27,250458.26122318336
2024-09-30,248551.02156396885
2024-10-01,248638.01442151624
2024-10-02,248252.37686114848
2024-10-03,250170.12647240082
2024-10-04,248247.31888033397
2024-10-07,250244.71680804514
2024-10-08,251717.90745589408
2024-10-09,251344.35808122953
2024-10-10,252623.95220822108
2024-10-11,254377.66768445057
2024-10-14,252697.75756706245
2024-10-15,253632.99196781815
2024-10-16,253651.76080922375
2024-10-17,254480.94841530907
2024-10-18,254126.96541606338
2024-10-21,254010.067011972
2024-10-22,252035.90077115496
2024-10-23,252499.89886447467
2024-10-24,252428.1888931972
2024-10-25,253088.2886071529
2024-10-28,253438.8158868738
2024-10-29,252786.7178135969
2024-10-30,248574.78552138672
2024-10-31,249467.41757619398
2024-11-01,249010.14379977685
2024-11-04,251569.96807803854
2024-11-05,256884.132083719
2024-11-06,258572.63148390528
2024-11-07,259021.51357216132
2024-11-08,259231.32099815476
2024-11-11,258545.91338543562
2024-11-12,258654.50266905752
2024-11-13,257238.11061244173
2024-11-14,254439.8744451996
2024-11-15,255326.8518475156
2024-11-18,256119.38639565028
2024-11-19,256190.58758506825
2024-11-20,257361.63476091964
2024-11-21,258040.55475341892
2024-11-22,258782.93742944454
2024-11-25,259933.22758631842
2024-11-26,259263.11972560093
2024-11-27,260630.47341903375
2024-11-29,261027.15299957752
2024-12-02,261131.82488793036
2024-12-03,262508.51186873956
2024-12-04,262142.3124946826
2024-12-05,262564.88590242405
2024-12-06,261417.47735103048
2024-12-09,260725.5052884823
2024-12-10,262439.5147602488
2024-12-11,261288.1926089956
2024-12-12,261243.25103986688
2024-12-13,262193.39274389885
2024-12-16,261273.61832215326
2024-12-17,254656.08011728976
2024-12-18,254588.34159997856
2024-12-19,255806.80140287604
2024-12-20,257109.11382881805
2024-12-23,258252.99227624244
2024-12-24,258259.9651070339
2024-12-26,257172.4323939682
2024-12-27,254678.88848947626
2024-12-30,253891.1666873783
2024-12-31,253641.59167052462
2025-01-02,256335.26537406564
2025-01-03,257590.02649807173
2025-01-06,256425.9771683269
2025-01-07,256745.22750990145
2025-01-08,255177.541150726
2025-01-10,255511.05819700996
2025-01-13,255651.8447900765
2025-01-14,259605.24491791023
2025-01-15,259182.34797393894
2025-01-16,260222.18755401036
2025-01-17,261174.600760458
2025-01-21,262425.62709810067
2025-01-22,263642.23230532743
2025-01-23,262986.02678911947
2025-01-24,259826.512663275
2025-01-27,261721.68724664094
2025-01-28,261252.68198309498
2025-01-29,262446.8679924397
2025-01-30,261257.45878669794
2025-01-31,259763.8498948144
2025-02-03,261243.98431151503
2025-02-04,262146.0597893427
2025-02-05,262920.43924996036
2025-02-06,260874.91823259566
2025-02-07,262380.16651079775
2025-02-10,262548.61457769765
2025-02-11,261830.54411682766
2025-02-12,264180.7350808203
2025-02-13,264169.63948994695
2025-02-14,264827.15772263735
2025-02-18,265357.6065195558
2025-02-19,264420.62881093525
2025-02-20,260576.48170928186
2025-02-21,259568.83245451204
2025-02-24,259052.03090909513
2025-02-25,259164.71854254056
2025-02-26,255646.298323607
2025-02-27,259037.70211716797
2025-02-28,255180.63073264336
2025-03-03,253972.60562675502
2025-03-04,255064.1798857388
2025-03-05,253253.47927272995
2025-03-06,253820.5138128216
2025-03-07,251116.3100586598
2025-03-10,250281.8505603349
2025-03-11,250813.44921092503
2025-03-12,249474.8578324863
2025-03-13,251536.51805761398
2025-03-14,252312.75975233974
2025-03-17,251222.2640046901
2025-03-18,252316.08574216656
2025-03-19,252023.65139879138
2025-03-20,252056.16244982183
2025-03-21,253862.6489660997
2025-03-24,254379.76718204367
2025-03-25,253165.3581735166
2025-03-26,252594.9766215517
2025-03-27,250560.3240848651
2025-03-28,251233.5796756812
2025-03-31,251516.97115355532
2025-04-01,252153.81212451615
2025-04-02,247182.34756466918
2025-04-03,241394.5728964425
2025-04-04,241222.45856596733
2025-04-07,239711.19986305153
2025-04-08,249781.22765809845
2025-04-09,245402.81251847965
2025-04-10,247153.5161829865
2025-04-11,248114.20190038974
2025-04-14,247834.82530904992
2025-04-15,245632.06938170307
2025-04-16,245772.07966125064
2025-04-17,243431.59214663657
2025-04-21,245965.22815769876
2025-04-22,247490.21257227648
2025-04-23,249573.58518170993
2025-04-24,250295.85113722578
2025-04-25,250332.64462734293
2025-04-28,250963.23255915917
2025-04-29,251003.63763960122
2025-04-30,251715.98596322237
2025-05-01,253209.41690794216
2025-05-02,252629.06092438917
2025-05-05,251783.7640865362
2025-05-06,252208.52329655018
2025-05-07,252910.41961688446
2025-05-08,252781.9411237191
2025-05-09,256123.71838537467
2025-05-12,257559.03570320632
2025-05-13,257692.1937246649
2025-05-14,258194.43581023425
2025-05-15,258848.95870501315
2025-05-16,258961.81685100857
2025-05-19,258614.8080164282
2025-05-20,254909.37504716878
2025-05-21,254995.78932530983
2025-05-22,254298.6308372944
2025-05-23,258795.13922775944
2025-05-27,257519.27919136657
2025-05-28,257926.93221032646
2025-05-29,257811.89679856066
2025-05-30,259045.5267247418
2025-06-02,260300.60230172318
2025-06-03,260240.4728625915
2025-06-04,259170.36403818053
2025-06-05,261436.0313606023
2025-06-06,261634.9841804677
2025-06-09,262895.27989926504
2025-06-10,262258.02174078923
2025-06-11,263142.8803061426
2025-06-12,260643.5492289949
2025-06-13,262752.93747290515
2025-06-16,260841.40985278977
2025-06-17,260807.76131091875
2025-06-18,260289.79709695527
2025-06-20,262474.9299435842
2025-06-23,264941.669335194
2025-06-24,265065.13215310423
2025-06-25,266827.8152819224
2025-06-26,267956.7637683802
2025-06-27,269043.86435898853
2025-06-30,268969.33920856105
2025-07-01,270007.0229192277
2025-07-02,271816.3399798095
2025-07-03,270094.9270987173
2025-07-07,269967.98248298094
2025-07-08,271344.54922566167
2025-07-09,271996.86152200017
2025-07-10,271180.8709374342
2025-07-11,271620.7263100947
2025-07-14,270636.91603939957
2025-07-15,271404.98360711936
2025-07-16,272817.6465467944
2025-07-17,272646.317064763
2025-07-18,273085.82292787137
2025-07-21,273119.41248409153
2025-07-22,275096.25079165143
2025-07-23,275170.52677936514
2025-07-24,276159.4896526102
2025-07-25,276100.11536233494
2025-07-28,275483.30770461546
2025-07-29,275185.78573229455
2025-07-30,274308.21826159424
2025-07-31,270487.65339764673
2025-08-01,273982.0833918909
2025-08-04,272802.5905228888
2025-08-05,273638.45766025095
2025-08-06,273441.9852476509
2025-08-07,275254.9056098428
2025-08-08,274791.92685860704
2025-08-11,277277.41983704315
2025-08-12,278087.3471803871
2025-08-13,278109.59416816157
2025-08-14,277555.04363739025
2025-08-15,277503.1408442301
2025-08-18,276223.5738617973
2025-08-19,275598.2036905742
2025-08-20,274657.862619582
2025-08-21,278243.7956739432
2025-08-22,277205.1115846924
2025-08-25,278188.91252570646
2025-08-26,278728.59901600634
2025-08-27,279567.29337044555
2025-08-28,278149.04849117727
2025-08-29,276396.98763473134
2025-09-02,277673.6653206161
2025-09-03,279644.3153233965
2025-09-04,278957.50888496224
2025-09-05,279537.4615459341
2025-09-08,280087.870807718
2025-09-09,280774.64626693854
2025-09-10,282760.0037906921
2025-09-11,282678.85166960413
2025-09-12,283957.9734734091
2025-09-15,283626.5945183656
2025-09-16,283328.21934093226
2025-09-17,284451.8990588384
2025-09-18,285644.8903234912
2025-09-19,286796.32487638516
2025-09-22,285469.0314848572
2025-09-23,284696.2668166277
2025-09-24,283580.8268432402
2025-09-25,284958.46250004467
2025-09-26,285639.51322541974
2025-09-29,286555.55914433365
2025-09-30,287386.5702658522
2025-10-01,287665.9100121506
2025-10-02,287662.17035532044
2025-10-03,288540.4029614152
2025-10-06,287629.480909266
2025-10-07,289088.3376364378
2025-10-08,288376.02397250157
2025-10-09,281750.00806968537
2025-10-10,285427.4091750109
2025-10-13,285287.264317106
2025-10-14,285793.36392400454
2025-10-15,285015.4343874034
2025-10-16,285662.70443889714
2025-10-17,286851.06128936296
2025-10-20,286847.3322255662
2025-10-21,285579.75386446144
2025-10-22,287020.21814295376
2025-10-23,289014.434618611
2025-10-24,291910.9372823587
2025-10-27,292570.07217874227
2025-10-28,292690.31847840775
2025-10-29,289953.07861999766
2025-10-30,290762.62761550467
2025-10-31,291225.5217186686
2025-11-03,288292.8807149616
2025-11-04,289139.59690562147
2025-11-05,286505.82431740814
2025-11-06,286743.3376457672
2025-11-07,290546.414532963
2025-11-10,291111.2367628151
2025-11-11,291176.44567984995
2025-11-12,287071.44014865544
2025-11-13,287031.25014703465
2025-11-14,285960.6235839862
2025-11-17,283918.8647315965
2025-11-18,284852.95779656345
2025-11-19,281163.54228718235
2025-11-20,283543.02934555884
2025-11-21,287088.45138449577
2025-11-24,289385.7331724745
2025-11-25,290184.14841029735
2025-11-26,290817.9105904254
2025-11-28,290287.16790359793
2025-12-01,290743.20904437447
2025-12-02,291600.3200246373
2025-12-03,291782.5702246527
2025-12-04,292252.6319452846
2025-12-05,291505.6342180324
2025-12-08,291290.5030599795
2025-12-09,292934.54665925005
2025-12-10,293513.67825799534
2025-12-11,290830.3762113608
2025-12-12,290458.4041601865
2025-12-15,289783.6692873224
2025-12-16,287072.4532774702
2025-12-17,288914.59721015167
2025-12-18,291134.32806051726
2025-12-19,292676.7577305819
2025-12-22,293813.2215808498
2025-12-23,294690.54786049016
2025-12-24,294665.2044733741
2025-12-26,293773.84222984215
2025-12-29,293468.0236600809
2025-12-30,291622.109791259
2025-12-31,292074.1240614354
2026-01-02,293728.43190011935
2026-01-05,295213.8165802383
2026-01-06,294402.86422609235
2026-01-07,294377.25117690465
2026-01-08,296033.12321477477
2026-01-09,296429.5115667594
2026-01-12,295924.3956790496
2026-01-13,294688.31947829825
2026-01-14,295372.29106780735
2026-01-15,295161.395251985
2026-01-16,290054.5127913351
2026-01-20,292900.52767084364
2026-01-21,293512.3968731481
2026-01-22,293603.0922037818
2026-01-23,294870.2831497334
2026-01-26,295868.12418791204
2026-01-27,295842.6795292319
2026-01-28,295342.40955814795
2026-01-29,294595.1932619658
2026-01-30,295839.8579534976
2026-02-02,293711.29017552227
2026-02-03,292502.3745051598
2026-02-04,289399.5093164091
2026-02-05,294117.3001172852
2026-02-06,295322.59281316586
2026-02-09,295011.9134455264
2026-02-10,294953.7960985776
2026-02-11,291080.7578020072
2026-02-12,291255.6973374462
2026-02-13,291442.3922394395
2026-02-17,292690.05712061655
2026-02-18,292035.60215289483
2026-02-19,293832.20517733943
2026-02-20,291278.50948214316
2026-02-23,293079.48450627126
2026-02-24,295180.27825121226
2026-02-25,293789.979140649
2026-02-26,292587.4967560264
2026-02-27,292729.40169195307
2026-03-02,290537.44393208367
2026-03-03,292280.9591331201
2026-03-04,290895.5473868291
2026-03-05,287652.9347201081
2026-03-06,289797.09969551186
2026-03-09,289400.077668929
2026-03-10,289090.4195858232
2026-03-11,285359.7077210682
2026-03-12,283986.5568075144
2026-03-13,286442.75653734256
2026-03-16,287084.9611974993
2026-03-17,283677.8368780074
2026-03-18,283085.5175546061
2026-03-19,281465.9853086762
2026-03-20,283978.0692275562
2026-03-23,283596.6866805836
2026-03-24,284940.08418538945
2026-03-25,280614.69370745524
2026-03-26,276547.4643368594
2026-03-27,276177.720377041
2026-03-30,279388.83873186493
