entry_time,entry_price
2016-01-06,97472.62986256699
2016-01-07,92793.02380487722
2016-01-08,90763.10631530955
2016-01-11,90940.56213507436
2016-01-12,92406.00243316746
2016-01-13,87795.49404655347
2016-01-14,90685.11783371569
2016-01-15,86784.682658072
2016-01-19,87023.10211592383
2016-01-20,84787.56663321024
2016-01-21,85740.83765776253
2016-01-22,89252.11371786307
2016-01-25,86560.32226579484
2016-01-26,88918.79623829114
2016-01-27,86978.15173346039
2016-01-28,87888.97449050218
2016-01-29,92172.51972207248
2016-02-01,92105.566317916
2016-02-02,88792.57695175141
2016-02-03,89854.78080749785
2016-02-04,90130.1724367963
2016-02-05,86699.05870549775
2016-02-08,84362.27349456844
2016-02-09,84372.94415906304
2016-02-10,84234.21674819
2016-02-11,82037.72957728783
2016-02-12,85425.71840938821
2016-02-16,88302.58351792253
2016-02-17,91194.35126782978
2016-02-18,90440.35821217747
2016-02-19,90363.06347956223
2016-02-22,92978.92350700287
2016-02-23,90628.00255865889
2016-02-24,91456.86667571266
2016-02-25,93666.13063158386
2016-02-26,93239.22652795566
2016-02-29,91580.3450557987
2016-03-01,96090.21467708009
2016-03-02,96943.33880857237
2016-03-03,97708.83128944148
2016-03-04,98339.69185420279
2016-03-07,98500.79127919214
2016-03-08,96347.2021327863
2016-03-09,97303.89756149417
2016-03-10,97464.13452742499
2016-03-11,100602.78092344243
2016-03-14,100346.77939891341
2016-03-15,100021.3743583008
2016-03-16,101181.6478268734
2016-03-17,102465.30866084562
2016-03-18,102206.95821782935
2016-03-21,102500.16769117212
2016-03-22,102394.46108990931
2016-03-23,101032.72334425962
2016-03-24,100951.0995848494
2016-03-28,101067.65783399483
2016-03-29,102933.66582539098
2016-03-30,103839.89636147094
2016-03-31,103331.60157593466
2016-04-01,104746.61837259246
2016-04-04,104069.91461568009
2016-04-05,101987.21463587912
2016-04-06,104212.85878459759
2016-04-07,101726.38484893146
2016-04-08,102264.46496197126
2016-04-11,101795.3350120339
2016-04-12,103690.94329664217
2016-04-13,105781.17699216127
2016-04-14,105793.10406139029
2016-04-15,105554.54922952516
2016-04-18,107043.83402592344
2016-04-19,107715.70745177544
2016-04-20,107920.30711956091
2016-04-21,106763.82450712829
2016-04-22,106763.82450712829
2016-04-25,106392.38872241128
2016-04-26,106703.37265796863
2016-04-27,107146.57256685334
2016-04-28,105202.05402589883
2016-04-29,104072.19193416178
2016-05-02,105716.433202501
2016-05-03,103880.47823061657
2016-05-04,102722.3772276474
2016-05-05,102687.12388077525
2016-05-06,103439.06620667566
2016-05-09,103604.1536356421
2016-05-10,106176.85046814804
2016-05-11,104193.79948055663
2016-05-12,104252.96688514524
2016-05-13,102441.9303897235
2016-05-16,104460.02820521225
2016-05-17,102505.17908942909
2016-05-18,102563.85742195498
2016-05-19,101859.51594944522
2016-05-20,103146.35949537829
2016-05-23,102863.83123380682
2016-05-24,105532.41291267246
2016-05-25,106961.18140700548
2016-05-26,107021.11371014158
2016-05-27,107944.32968097742
2016-05-31,107534.92511751564
2016-06-01,107979.60712135448
2016-06-02,108629.94158316054
2016-06-03,107977.65459934084
2016-06-06,109085.61179576509
2016-06-07,109424.53735394099
2016-06-08,110139.80964553001
2016-06-09,109835.74082093299
2016-06-10,107746.63903820593
2016-06-13,106086.5925731761
2016-06-14,105668.83483914581
2016-06-15,105382.93753503222
2016-06-16,106013.43882637464
2016-06-17,105225.94451432729
2016-06-20,106581.09111110015
2016-06-21,107179.25639963477
2016-06-22,106831.34970212083
2016-06-23,109610.07868142372
2016-06-24,101749.15997348695
2016-06-27,98105.04151952062
2016-06-28,101636.84594801832
2016-06-29,105102.7329962486
2016-06-30,107962.26772780153
2016-07-01,108419.19997412959
2016-07-05,106864.75965218876
2016-07-06,108144.79203579832
2016-07-07,108000.38236524479
2016-07-08,111223.3769060705
2016-07-11,112016.56572596128
2016-07-12,113633.0724140368
2016-07-13,113608.40442914284
2016-07-14,114878.66774397151
2016-07-15,114568.6373349901
2016-07-18,115175.47586373446
2016-07-19,114951.96677359947
2016-07-20,115894.75525628372
2016-07-21,115022.85103059294
2016-07-22,116065.18551320472
2016-07-25,115429.48509316787
2016-07-26,115541.35945950846
2016-07-27,115292.62933850422
2016-07-28,115553.5145511661
2016-07-29,115926.62890231615
2016-08-01,115739.77102207387
2016-08-02,114258.56085359221
2016-08-03,114926.37796432865
2016-08-04,115174.43835276883
2016-08-05,117049.31331948595
2016-08-08,116911.63033317207
2016-08-09,117049.23229483106
2016-08-10,116473.46747789664
2016-08-11,117559.72911380562
2016-08-12,117346.48590051765
2016-08-15,118023.23180094245
2016-08-16,116804.10039316957
2016-08-17,117254.21253341301
2016-08-18,117780.35323067833
2016-08-19,117428.80756492211
2016-08-22,117416.27112768876
2016-08-23,117892.6303123204
2016-08-24,116686.76035227747
2016-08-25,116524.30488940417
2016-08-26,116087.22947721586
2016-08-29,117233.95467310397
2016-08-30,116845.65908093921
2016-08-31,116182.90009856658
2016-09-01,116195.36941974702
2016-09-02,117242.84860318321
2016-09-06,117944.30154354413
2016-09-07,117919.17493477903
2016-09-08,117391.5723623639
2016-09-09,111763.8960874652
2016-09-12,114979.3317020802
2016-09-13,111668.70066957125
2016-09-14,111558.73641484986
2016-09-15,113805.78704433341
2016-09-16,112930.07328253138
2016-09-19,112966.93236101123
2016-09-20,113028.37418215828
2016-09-21,115486.7152007469
2016-09-22,116990.01169252148
2016-09-23,115739.58403441413
2016-09-26,113786.96049117291
2016-09-27,115229.72119314714
2016-09-28,116371.3466884917
2016-09-29,114363.65414489474
2016-09-30,116057.19796134077
2016-10-03,115447.02599781011
2016-10-04,114242.31817985653
2016-10-05,115317.16209481788
2016-10-06,115503.34770715545
2016-10-07,114646.20305327358
2016-10-10,115760.0540032163
2016-10-11,112937.09302575162
2016-10-12,113182.74195022305
2016-10-13,112543.36089846732
2016-10-14,112531.09993748042
2016-10-17,111869.04411173289
2016-10-18,113177.02506785543
2016-10-19,113754.89798237897
2016-10-20,113409.75661124535
2016-10-21,113397.44886187087
2016-10-24,114431.24370714948
2016-10-25,113714.19399506923
2016-10-26,113245.87933463653
2016-10-27,112643.2459628514
2016-10-28,111931.82784711717
2016-10-31,111992.96271403893
2016-11-01,110366.3312800576
2016-11-02,108994.41604606094
2016-11-03,108089.547637443
2016-11-04,107801.19670727031
2016-11-07,112552.63239051132
2016-11-08,113520.95887663716
2016-11-09,115970.6087157665
2016-11-10,116567.78612480547
2016-11-11,116043.91399198843
2016-11-14,116168.36454053472
2016-11-15,117973.86460574482
2016-11-16,117635.07558805124
2016-11-17,118725.15936886398
2016-11-18,118221.6599652641
2016-11-21,119992.72393201957
2016-11-22,120486.23473964926
2016-11-23,120638.395844351
2016-11-25,121526.56241030648
2016-11-28,120444.1189643381
2016-11-29,120824.4487963396
2016-11-30,120291.14767191667
2016-12-01,119378.93927417291
2016-12-02,119429.42463200945
2016-12-05,120881.18551491007
2016-12-06,121668.60235688568
2016-12-07,124841.23634859837
2016-12-08,125486.5107391943
2016-12-09,127052.10003645087
2016-12-12,126700.58792445328
2016-12-13,128338.70542263
2016-12-14,126310.61760690818
2016-12-15,127297.1150828228
2016-12-16,126867.10128430372
2016-12-19,127374.43960269264
2016-12-20,128365.07175678639
2016-12-21,127697.73040514563
2016-12-22,127293.14870525707
2016-12-23,127592.84595371864
2016-12-27,128219.03649671527
2016-12-28,126152.78041364308
2016-12-29,126036.0383413874
2016-12-30,125128.4647703662
2017-01-03,126937.05294586188
2017-01-04,128511.40548854836
2017-01-05,128288.8522472398
2017-01-06,129322.17395681689
2017-01-09,128494.82722320131
2017-01-10,128442.46584291477
2017-01-11,129070.67435732884
2017-01-12,128532.77055079801
2017-01-13,129082.64336598861
2017-01-17,128216.71314673209
2017-01-18,128752.829126439
2017-01-19,127914.21920743918
2017-01-20,128737.02866323547
2017-01-23,128095.01406810053
2017-01-24,129715.64275338204
2017-01-25,131938.28734684462
2017-01-26,131673.01810865043
2017-01-27,131288.7647727862
2017-01-30,129701.07437948433
2017-01-31,129595.87225081804
2017-02-01,129753.6114198017
2017-02-02,129885.14067618264
2017-02-03,131688.00433095847
2017-02-06,131250.74477036868
2017-02-07,131237.5165155037
2017-02-08,131568.20622098044
2017-02-09,133091.29296503245
2017-02-10,134156.92909946697
2017-02-13,135534.40641564553
2017-02-14,136730.73312108958
2017-02-15,138107.8286311711
2017-02-16,137931.43704378544
2017-02-17,138283.9947869174
2017-02-21,139940.4157357641
2017-02-22,139762.86104080366
2017-02-23,139940.30302464374
2017-02-24,140322.72821346766
2017-02-27,140705.6752300346
2017-02-28,140007.2141207557
2017-03-01,143846.02245055346
2017-03-02,142115.2733114333
2017-03-03,142266.65742090167
2017-03-06,141509.33394450316
2017-03-07,140561.77277781186
2017-03-08,140082.7404460472
2017-03-09,140356.0059723989
2017-03-10,141340.72046009806
2017-03-13,141519.13764376377
2017-03-14,140489.1584760508
2017-03-15,142787.88539340915
2017-03-16,142318.89171100795
2017-03-17,141891.98323521897
2017-03-20,141465.7160116225
2017-03-21,137909.67966989297
2017-03-22,138478.9942507988
2017-03-23,138112.25243179224
2017-03-24,138044.42733115295
2017-03-27,137691.82342992394
2017-03-28,139669.29797455992
2017-03-29,140023.96168657657
2017-03-30,140870.77066283175
2017-03-31,140172.10205407903
2017-04-03,139803.13819783137
2017-04-04,139980.55334782862
2017-04-05,139079.2591162344
2017-04-06,139800.68810895868
2017-04-07,139555.04066792378
2017-04-10,139705.02654455762
2017-04-11,139391.2512786502
2017-04-12,138341.96724810405
2017-04-13,136468.53694731035
2017-04-17,138828.06804109874
2017-04-18,137984.95508012822
2017-04-19,137551.1253923149
2017-04-20,139689.78685777303
2017-04-21,138844.09143885082
2017-04-24,141890.23017365034
2017-04-25,143512.3041089817
2017-04-26,143415.5324946129
2017-04-27,143609.01044738808
2017-04-28,143028.18532929957
2017-05-01,143649.23693732952
2017-05-02,143801.3784361078
2017-05-03,143510.77275385227
2017-05-04,143773.43576149343
2017-05-05,144908.0704501458
2017-05-08,144894.17905672683
2017-05-09,144616.36450576002
2017-05-10,145129.82823157453
2017-05-11,144643.25856941592
2017-05-12,144143.6272790207
2017-05-15,145570.65473093718
2017-05-16,145403.58019057362
2017-05-17,140352.47730438976
2017-05-18,141350.30851233873
2017-05-19,143147.27977878702
2017-05-22,144651.91367424387
2017-05-23,145262.46422359077
2017-05-24,145916.01668790984
2017-05-25,147337.54808257712
2017-05-26,147323.54394341903
2017-05-30,147085.48489232472
2017-05-31,146945.5633884317
2017-06-01,149239.18405995576
2017-06-02,150268.0310177777
2017-06-05,150055.8978978995
2017-06-06,149179.70034001008
2017-06-07,149686.97050268506
2017-06-08,149771.65902913638
2017-06-09,149503.40285251936
2017-06-12,149291.81149121467
2017-06-13,150687.32554443253
2017-06-14,150418.25367888634
2017-06-15,149809.84572966312
2017-06-16,149880.44747608362
2017-06-19,152352.09073921165
2017-06-20,150372.84492279496
2017-06-21,150231.38410913286
2017-06-22,150089.98986526544
2017-06-23,150499.84012007643
2017-06-26,150627.20845531367
2017-06-27,148291.13463304404
2017-06-28,150861.80461247353
2017-06-29,148283.2125351378
2017-06-30,148774.82117762434
2017-07-03,149436.0738699832
2017-07-05,149943.68838775248
2017-07-06,147274.19355869398
2017-07-07,149135.85470428216
2017-07-10,149445.7327552355
2017-07-11,149234.232991925
2017-07-12,151404.09296272762
2017-07-13,152000.1441324736
2017-07-14,153365.2233070578
2017-07-17,153379.50644776158
2017-07-18,153565.19592287997
2017-07-19,155165.94997782548
2017-07-20,155266.5158451321
2017-07-21,155007.83412676738
2017-07-24,154964.75645169744
2017-07-25,155682.6179259722
2017-07-26,155754.5699608781
2017-07-27,155509.87652317967
2017-07-28,155078.4040334044
2017-07-31,154963.5045444239
2017-08-01,155595.21753835122
2017-08-02,155753.46703147882
2017-08-03,155192.11547300668
2017-08-04,155709.35068635922
2017-08-07,156270.62104790722
2017-08-08,155564.16653814178
2017-08-09,155564.16653814178
2017-08-10,151148.0401220144
2017-08-11,151573.36994132414
2017-08-14,154540.66427606906
2017-08-15,154583.66988738833
2017-08-16,155114.14621699636
2017-08-17,150317.31969632817
2017-08-18,149794.28016759694
2017-08-21,150048.28836759843
2017-08-22,153084.8454081701
2017-08-23,152072.03042200973
2017-08-24,151432.23597838683
2017-08-25,152013.93098706382
2017-08-28,152113.4351498569
2017-08-29,152440.48436775338
2017-08-30,153863.96447203722
2017-08-31,155465.67132405585
2017-09-01,156126.9215210883
2017-09-05,154009.31149492113
2017-09-06,154953.58336622635
2017-09-07,154939.23249024892
2017-09-08,154523.076359637
2017-09-11,157776.19375668193
2017-09-12,158978.04985816916
2017-09-13,159079.79581007836
2017-09-14,158963.4775241374
2017-09-15,159457.64943927142
2017-09-18,160069.04448002815
2017-09-19,160389.9118129266
2017-09-20,160535.90663525768
2017-09-21,159674.14533132897
2017-09-22,159732.4125923175
2017-09-25,159120.494744105
2017-09-26,159251.3683518452
2017-09-27,160487.90496552078
2017-09-28,160867.60245213113
2017-09-29,161934.9357835563
2017-10-02,163372.5319160673
2017-10-03,164109.24066388505
2017-10-04,164507.95833669396
2017-10-05,166459.6098443957
2017-10-06,166162.1613568471
2017-10-09,165567.7963709965
2017-10-10,166339.08644143696
2017-10-11,166874.2973376153
2017-10-12,166397.7901752717
2017-10-13,166754.65957022336
2017-10-16,167305.4225609931
2017-10-17,167469.43286739814
2017-10-18,167812.53151398877
2017-10-19,167976.79008728065
2017-10-20,169620.1793263611
2017-10-23,168419.169073132
2017-10-24,168927.78494100846
2017-10-25,167309.7457610494
2017-10-26,167518.48224375266
2017-10-27,170427.6957662652
2017-10-30,169238.94528369984
2017-10-31,169673.79483078956
2017-11-01,170169.25852687098
2017-11-02,170334.65387423532
2017-11-03,171417.76745534848
2017-11-06,171900.67691556248
2017-11-07,171749.55544135103
2017-11-08,172308.45900787078
2017-11-09,171082.92577876797
2017-11-10,170962.3174419482
2017-11-13,171278.80269109143
2017-11-14,170494.4002303986
2017-11-15,168733.54532225046
2017-11-16,171518.32255649523
2017-11-17,170642.84401136835
2017-11-20,171184.85410351667
2017-11-21,173371.41187703764
2017-11-22,173174.13161493413
2017-11-24,173947.63666944118
2017-11-27,173765.22991975507
2017-11-28,177244.33266525218
2017-11-29,177106.2441096785
2017-11-30,179989.63652298177
2017-12-01,179433.03927049474
2017-12-04,178954.48941740528
2017-12-05,177721.17108923572
2017-12-06,177767.26060455965
2017-12-07,178858.18722221156
2017-12-08,180800.12014681296
2017-12-11,181977.7691981635
2017-12-12,182599.59653183227
2017-12-13,182521.73554064523
2017-12-14,181089.39880931593
2017-12-15,184082.35568965832
2017-12-18,186427.55301881145
2017-12-19,185058.72888912656
2017-12-20,184854.9456122167
2017-12-21,185465.95865390473
2017-12-22,185387.49439928104
2017-12-26,184916.80847917456
2017-12-27,185198.86106392366
2017-12-28,185904.52988254157
2017-12-29,184631.91066255543
2018-01-02,187152.75001268016
2018-01-03,189533.04609622748
2018-01-04,191071.7727007918
2018-01-05,193636.0669036699
2018-01-08,194373.6059512454
2018-01-09,195241.0584075567
2018-01-10,194613.17011878832
2018-01-11,197458.22740650462
2018-01-12,200113.4544723186
2018-01-16,198842.1684771369
2018-01-17,202497.65404845448
2018-01-18,201874.66001098198
2018-01-19,203626.1774341464
2018-01-22,206930.62291002748
2018-01-23,207775.8126564265
2018-01-24,207593.1453019491
2018-01-25,207858.7264257512
2018-01-26,212642.24260383396
2018-01-29,209803.31705972936
2018-01-30,205364.977443228
2018-01-31,205761.1481255395
2018-02-01,205430.68775755505
2018-02-02,196432.87976688816
2018-02-05,180179.81621771134
2018-02-06,186928.64451008636
2018-02-07,184994.16777164533
2018-02-08,171319.86951112284
2018-02-09,176585.69495495292
2018-02-12,181427.21591159713
2018-02-13,182417.9024709028
2018-02-14,187384.82259774295
2018-02-15,191915.09155120782
2018-02-16,192233.4510942779
2018-02-20,189811.91340179616
2018-02-21,187753.98848271577
2018-02-22,188163.33012042913
2018-02-23,194278.61864802692
2018-02-26,198890.38392069386
2018-02-27,193835.7022293929
2018-02-28,189645.69736291864
2018-03-01,184489.14393364207
2018-03-02,186361.1007485947
2018-03-05,190562.90742008112
2018-03-06,191561.65648771267
2018-03-07,191561.65648771267
2018-03-08,193246.48353614425
2018-03-09,199919.51369873062
2018-03-12,199611.04603913377
2018-03-13,196999.2065972791
2018-03-14,194904.1561344481
2018-03-15,194599.59334420596
2018-03-16,195000.02050858346
2018-03-19,189869.28489250492
2018-03-20,190312.23939816983
2018-03-21,189567.8423232935
2018-03-22,180194.17290509772
2018-03-23,172398.4947681296
2018-03-26,181920.1104889596
2018-03-27,175917.4739663202
2018-03-28,174685.3671447662
2018-03-29,179505.5282582232
2018-04-02,171454.78175184169
2018-04-03,175718.07098859016
2018-04-04,179836.16648198816
2018-04-05,182295.67469953827
2018-04-06,174217.03116501422
2018-04-09,175729.59438054654
2018-04-10,181471.79585667435
2018-04-11,179588.6999057928
2018-04-12,182567.51384061875
2018-04-13,181483.8433607711
2018-04-16,184570.82827930778
2018-04-17,188384.2751445828
2018-04-18,188714.48421582655
2018-04-19,186621.32881588457
2018-04-20,183553.88108659498
2018-04-23,183429.71662131
2018-04-24,178573.42554053434
2018-04-25,179369.39829281514
2018-04-26,182928.55843683952
2018-04-27,183393.3159531933
2018-04-30,180570.20984615767
2018-05-01,181155.07755619477
2018-05-02,178719.3272154681
2018-05-03,177923.11362609145
2018-05-04,182445.2879033818
2018-05-07,183806.5890171259
2018-05-08,183775.53536126902
2018-05-09,187330.87857303975
2018-05-10,190841.9120667737
2018-05-11,191743.63950804743
2018-05-14,192171.78028432245
2018-05-15,189473.0728663442
2018-05-16,191033.5598855005
2018-05-17,190843.63422529952
2018-05-18,189894.4782195371
2018-05-21,192734.84767936065
2018-05-22,191622.0598752073
2018-05-23,192731.62594281125
2018-05-24,191984.48090657635
2018-05-25,191111.86023388832
2018-05-29,186758.6951908734
2018-05-30,191578.0725205863
2018-05-31,189074.30185527742
2018-06-01,192994.16373962557
2018-06-04,194791.30757996984
2018-06-05,195222.7036595875
2018-06-06,198405.76945461074
2018-06-07,198309.02154801335
2018-06-08,199534.19617205506
2018-06-11,200051.6477930694
2018-06-12,200602.15210491137
2018-06-13,199224.0003224165
2018-06-14,200177.30251374032
2018-06-15,197812.6529593889
2018-06-18,197184.7529499952
2018-06-19,195609.46104577254
2018-06-20,196361.9282801113
2018-06-21,193843.54223755296
2018-06-22,194576.651087584
2018-06-25,189339.4000161309
2018-06-26,190063.87284933188
2018-06-27,187570.71453383213
2018-06-28,189106.89454589266
2018-06-29,189704.98543168078
2018-07-02,190414.36920635463
2018-07-03,189071.92144933227
2018-07-05,192046.3340641087
2018-07-06,195345.30895656723
2018-07-09,198944.30134266568
2018-07-10,200251.76490524225
2018-07-11,197514.9125119718
2018-07-12,200924.5014259477
2018-07-13,201313.79568882193
2018-07-16,201054.01500239392
2018-07-17,202563.01535710483
2018-07-18,203475.0578785117
2018-07-19,201875.39836448547
2018-07-20,201533.9669332726
2018-07-23,202281.23136007664
2018-07-24,204169.12441967666
2018-07-25,207929.74735685333
2018-07-26,206692.26671475175
2018-07-27,204010.83574061794
2018-07-30,201755.48884225977
2018-07-31,203608.2458688441
2018-08-01,203167.42936347495
2018-08-02,205352.81451576916
2018-08-03,207139.98819792966
2018-08-06,208654.96386485148
2018-08-07,209993.66105875667
2018-08-08,209794.7013704139
2018-08-09,209280.9657771849
2018-08-10,206450.60788823373
2018-08-13,204872.45298460114
2018-08-14,207394.36320078984
2018-08-15,204379.21575564623
2018-08-16,207748.46339054246
2018-08-17,209133.56307502583
2018-08-20,210093.11901667216
2018-08-21,210971.96158240878
2018-08-22,210872.26231335872
2018-08-23,210257.59545980417
2018-08-24,212812.20450917774
2018-08-27,216083.15746430628
2018-08-28,216234.49975358084
2018-08-29,218640.00237637927
2018-08-30,216948.527810571
2018-08-31,216881.13156086288
2018-09-04,216224.12021001044
2018-09-05,215080.29974447077
2018-09-06,213721.42105180645
2018-09-07,212784.9265620646
2018-09-10,213619.24638076779
2018-09-11,215157.39858136492
2018-09-12,215241.2936911604
2018-09-13,217657.9438249974
2018-09-14,217826.7036186202
2018-09-17,215547.56353038037
2018-09-18,217814.71749038057
2018-09-19,218304.2836060341
2018-09-20,221735.09335845537
2018-09-21,221479.6087480643
2018-09-24,220015.67466518565
2018-09-25,219438.82912704433
2018-09-26,218100.27090752183
2018-09-27,219417.84215259683
2018-09-28,219248.41406707696
2018-10-01,220958.97679704294
2018-10-02,220822.9601908274
2018-10-03,221043.9191257475
2018-10-04,217659.856356503
2018-10-05,215078.1090875251
2018-10-08,215061.33559490766
2018-10-09,214591.696116148
2018-10-10,200836.24776266902
2018-10-11,192558.1818133467
2018-10-12,197458.56710245265
2018-10-15,195290.7220604626
2018-10-16,203467.09377482656
2018-10-17,203727.8445557955
2018-10-18,197873.5024285618
2018-10-19,197584.24892275807
2018-10-22,195930.28674314538
2018-10-23,193787.57406677376
2018-10-24,182003.83925769123
2018-10-25,188596.67436431316
2018-10-26,181902.23320270528
2018-10-29,179808.5717508123
2018-10-30,185517.5092093629
2018-10-31,189403.66927491574
2018-11-01,193157.34703574376
2018-11-02,190936.96534718113
2018-11-05,193286.42507438653
2018-11-06,195602.65752490246
2018-11-07,203981.18281357162
2018-11-08,203231.6713182905
2018-11-09,199377.1653881981
2018-11-12,191709.7421828026
2018-11-13,191093.8453217186
2018-11-14,188429.25292408076
2018-11-15,192421.56396189728
2018-11-16,193434.05924213747
2018-11-19,186930.74113723577
2018-11-20,180024.12576410855
2018-11-21,181217.30091893714
2018-11-23,178884.4591031693
2018-11-26,184465.3065678379
2018-11-27,185657.45299494136
2018-11-28,194044.88917140488
2018-11-29,193473.37513964745
2018-11-30,195930.43152200273
2018-12-03,201003.16730250322
2018-12-04,188240.03567295877
2018-12-06,187364.97304085104
2018-12-07,178884.16883614805
2018-12-10,179447.63150561877
2018-12-11,179493.3895077027
2018-12-12,181430.72520374466
2018-12-13,181216.01428634376
2018-12-14,174655.88114631546
2018-12-17,167419.29928470997
2018-12-18,167330.9397125845
2018-12-19,162001.31935483907
2018-12-20,156917.27777108044
2018-12-21,150488.92894060013
2018-12-24,142687.81508352264
2018-12-26,156733.81668256698
2018-12-27,159663.42073270844
2018-12-28,159046.23922502183
2018-12-31,162068.86984663672
2019-01-02,162256.85122672297
2019-01-03,154371.52562874142
2019-01-04,164797.45849655714
2019-01-07,167274.19172773027
2019-01-08,170341.82706060403
2019-01-09,172074.71931050325
2019-01-10,173488.8893294918
2019-01-11,173249.7386248074
2019-01-14,171307.97933338358
2019-01-15,175139.9074301421
2019-01-16,176115.99368436134
2019-01-17,178871.68833993303
2019-01-18,183530.51656767196
2019-01-22,178734.9450950273
2019-01-23,179280.95536473935
2019-01-24,179630.32727521498
2019-01-25,182595.27681124563
2019-01-28,179851.32730453258
2019-01-29,179501.42199849262
2019-01-30,184836.08176069323
2019-01-31,188105.33333196532
2019-02-01,188494.23784183126
2019-02-04,191188.23620166737
2019-02-05,192803.55802340238
2019-02-06,192331.0967825854
2019-02-07,188587.5023410188
2019-02-08,189101.47084060617
2019-02-11,189304.2188093425
2019-02-12,194016.733673986
2019-02-13,195280.42906937932
2019-02-14,194583.14046081348
2019-02-15,198727.7510701979
2019-02-19,199447.11307785258
2019-02-20,200231.8335323905
2019-02-21,198835.81882570958
2019-02-22,201282.29090293782
2019-02-25,201893.62663840616
2019-02-26,201539.1587571528
2019-02-27,201297.68846030734
2019-02-28,200541.5350589619
2019-03-01,203078.7142669785
2019-03-04,201575.9237018837
2019-03-05,201125.1509310465
2019-03-06,198632.59489088407
2019-03-07,195468.40857700215
2019-03-08,194564.81997241275
2019-03-11,200226.84285894537
2019-03-12,201606.50061760808
2019-03-13,204326.9971526109
2019-03-14,204132.5311998147
2019-03-15,206124.85822521255
2019-03-18,207719.94951596353
2019-03-19,207850.6629271275
2019-03-20,206363.33019720943
2019-03-21,210874.44904380423
2019-03-22,203104.52398926282
2019-03-25,202619.94185790626
2019-03-26,205572.36238183302
2019-03-27,203394.84397867383
2019-03-28,205092.02350883326
2019-03-29,207624.02379906576
2019-04-01,212474.1366721445
2019-04-02,212837.55210513095
2019-04-03,213531.93802880475
2019-04-04,214608.3330787775
2019-04-05,216617.12152950323
2019-04-08,217034.09385198547
2019-04-09,214830.363052873
2019-04-10,216258.8005990727
2019-04-11,216175.47671812982
2019-04-12,219024.60435455508
2019-04-15,218789.8153452929
2019-04-16,219074.76339255183
2019-04-17,218018.09225265743
2019-04-18,218804.49672970074
2019-04-22,219273.8364400032
2019-04-23,223183.59759481635
2019-04-24,222150.96717511938
2019-04-25,222032.74337383264
2019-04-26,223974.47458964936
2019-04-29,224534.09281122495
2019-04-30,224686.90639526158
2019-05-01,221544.6697332725
2019-05-02,220499.01127381274
2019-05-03,224806.3555611913
2019-05-06,223056.55924721842
2019-05-07,215780.1248143918
2019-05-08,215297.5255301118
2019-05-09,213701.74399437278
2019-05-10,215738.73364961988
2019-05-13,205189.32505497572
2019-05-14,208677.14613153177
2019-05-15,211294.6079832914
2019-05-16,215031.2764167759
2019-05-17,212440.83824379492
2019-05-20,209486.48870833754
2019-05-21,213206.8323898266
2019-05-22,211933.75836446756
2019-05-23,206840.2271103165
2019-05-24,207947.50012299125
2019-05-28,204078.02597160364
2019-05-29,201085.91669875954
2019-05-30,202129.4346888932
2019-05-31,196898.34165864234
2019-06-03,195818.18456673098
2019-06-04,204198.05914795503
2019-06-05,207659.0432013102
2019-06-06,210464.1445466825
2019-06-07,214601.5159817214
2019-06-10,216624.02544095434
2019-06-11,216590.7140423013
2019-06-12,215674.72101866984
2019-06-13,217585.92062700327
2019-06-14,217068.4550697008
2019-06-17,217418.57892672028
2019-06-18,221706.88090555122
2019-06-19,222751.51567517876
2019-06-20,227125.6498394663
2019-06-21,226426.48686601355
2019-06-24,225898.66635295973
2019-06-25,221476.9503812839
2019-06-26,221055.9875773964
2019-06-27,222603.65706159573
2019-06-28,225017.6655520828
2019-07-01,228819.4423723925
2019-07-02,230154.3650728448
2019-07-03,233810.33343443152
2019-07-05,232979.9611947916
2019-07-08,230786.84292982935
2019-07-09,231354.0134553495
2019-07-10,233505.02328702176
2019-07-11,234611.4363684143
2019-07-12,236708.19268723982
2019-07-15,237004.0888066327
2019-07-16,235332.10228947827
2019-07-17,232190.86995065853
2019-07-18,233897.45862322356
2019-07-19,231371.45603730818
2019-07-22,232231.8288472045
2019-07-23,235610.74937679045
2019-07-24,237850.69238435224
2019-07-25,235582.70617318372
2019-07-26,238707.95119740698
2019-07-29,237973.92228132606
2019-07-30,236857.12440590866
2019-07-31,231529.99346120184
2019-08-01,227795.22233456507
2019-08-02,224107.88959893372
2019-08-05,210985.82746239897
2019-08-06,216454.03624513463
2019-08-07,217102.64995343733
2019-08-08,225280.74662973016
2019-08-09,222227.24253384522
2019-08-12,216633.65310842928
2019-08-13,223386.82134875652
2019-08-14,210551.41012738697
2019-08-15,211485.5916777303
2019-08-16,217677.9778423455
2019-08-19,222959.96796604607
2019-08-20,219452.63778363448
2019-08-21,223065.99066401445
2019-08-22,222947.93509869874
2019-08-23,211583.87941870766
2019-08-26,216148.5479332506
2019-08-27,214273.3244463825
2019-08-28,217462.1860431864
2019-08-29,223104.71808058704
2019-08-30,222902.42433190238
2019-09-03,220307.4987283107
2019-09-04,225182.18846940022
2019-09-05,230973.89400121456
2019-09-06,231454.08920703828
2019-09-09,231677.26849495486
2019-09-10,231505.50939016568
2019-09-11,234956.5871806076
2019-09-12,236599.76119283948
2019-09-13,236026.98548074884
2019-09-16,234796.14332363283
2019-09-17,235954.60582981372
2019-09-18,236179.93528517164
2019-09-19,236145.25267049635
2019-09-20,233613.6077103398
2019-09-23,233958.53939645007
2019-09-24,230230.52903094277
2019-09-25,232867.11586647097
2019-09-26,231902.8984470823
2019-09-27,229428.62605228517
2019-09-30,231564.91256251166
2019-10-01,226156.523190732
2019-10-02,218199.17975125916
2019-10-03,221665.03919289823
2019-10-04,227542.96659024007
2019-10-07,225688.45908625197
2019-10-08,218842.99660861806
2019-10-09,222580.05254460653
2019-10-10,225894.483955566
2019-10-11,230453.72886733423
2019-10-14,230111.36492472727
2019-10-15,234541.68222749655
2019-10-16,233885.4766668542
2019-10-17,235058.0942598164
2019-10-18,233294.76958418937
2019-10-21,236343.1362028518
2019-10-22,234696.38729828835
2019-10-23,236009.18080934085
2019-10-24,236944.55664520903
2019-10-25,238784.29609762563
2019-10-28,241554.57724169872
2019-10-29,241239.15177176142
2019-10-30,242955.34623828772
2019-10-31,241549.40550270502
2019-11-01,246070.407107384
2019-11-04,247998.1516989465
2019-11-05,247465.50962055533
2019-11-06,247500.98091842965
2019-11-07,249345.6205927537
2019-11-08,250520.6035257196
2019-11-11,249592.6833474065
2019-11-12,250554.50486319614
2019-11-13,250875.7285873797
2019-11-14,251500.73040249516
2019-11-15,255183.88900363358
2019-11-18,255472.03906002647
2019-11-19,255345.9022747385
2019-11-20,253544.3931575187
2019-11-21,252718.6326020637
2019-11-22,253883.56495573613
2019-11-25,257655.8470260446
2019-11-26,258741.58996396387
2019-11-27,261098.97908652862
2019-11-29,259295.59547962405
2019-12-02,254902.60093285362
2019-12-03,251375.03546064868
2019-12-04,254609.93637912557
2019-12-05,255581.21514458582
2019-12-06,260068.41574892224
2019-12-09,258505.13317714562
2019-12-10,257997.69180523313
2019-12-11,259228.8386854266
2019-12-12,263765.88780831627
2019-12-13,264113.6948642089
2019-12-16,267777.23399607715
2019-12-17,267887.8971778092
2019-12-18,267906.34485175315
2019-12-19,270101.6936354853
2019-12-20,272713.51949720085
2019-12-23,273420.8027173
2019-12-24,273364.8922539265
2019-12-26,276253.304149312
2019-12-27,276103.4413681908
2019-12-30,273163.1822421781
2019-12-31,274392.5981805314
2020-01-02,279545.335523469
2020-01-03,275343.3463878328
2020-01-06,277568.6831319344
2020-01-07,275860.1059908645
2020-01-08,278742.6176154129
2020-01-09,282467.9661329864
2020-01-10,280820.20476423437
2020-01-13,284748.1562514715
2020-01-14,283892.45709414966
2020-01-15,285164.58086523757
2020-01-16,289864.8345420395
2020-01-17,291879.25029602146
2020-01-21,290608.6615996828
2020-01-22,290723.91770369833
2020-01-23,291511.65722891735
2020-01-24,286163.17249359266
2020-01-27,277032.94138559094
2020-01-28,282789.81098354515
2020-01-29,282354.07937956427
2020-01-30,284076.73173607537
2020-01-31,273899.26176678605
2020-02-03,277925.8213898464
2020-02-04,286394.4752272101
2020-02-05,292988.99081158545
2020-02-06,294897.33714471135
2020-02-07,291919.16218764626
2020-02-10,296325.27134536917
2020-02-11,297255.74025745346
2020-02-12,301099.941071991
2020-02-13,300611.443812067
2020-02-14,301372.8808653027
2020-02-18,299828.53178552724
2020-02-19,302655.8152028974
2020-02-20,300285.42433979164
2020-02-21,293963.2151328197
2020-02-24,274522.6846515201
2020-02-25,257779.29002272498
2020-02-26,256172.06337296334
2020-02-27,233291.19952566625
2020-02-28,231008.82580563883
2020-03-02,250749.08324438203
2020-03-03,236830.4293254574
2020-03-04,256896.56071020942
2020-03-05,239608.98829908558
2020-03-06,231561.02633370308
2020-03-09,198691.55025997743
2020-03-10,216075.19106411547
2020-03-11,194862.23619938732
2020-03-12,167836.07009603892
2020-03-13,187520.50300936608
2020-03-16,147080.26810314
2020-03-17,163086.2781124566
2020-03-18,139355.69670113295
2020-03-19,145104.45906620804
2020-03-20,133348.15787650162
2020-03-23,125529.45184541264
2020-03-24,147320.1181026165
2020-03-25,153149.85566581026
2020-03-26,170694.7593177979
2020-03-27,161625.0206778148
2020-03-30,171250.50391441127
2020-03-31,165749.9676538777
2020-04-01,151171.76423216576
2020-04-02,158406.39862109066
2020-04-03,153397.6088245188
2020-04-06,174174.6901461684
2020-04-07,174761.7877986527
2020-04-08,186380.06160995516
2020-04-09,192124.39903982743
2020-04-13,188547.33520727803
2020-04-14,199728.56141863824
2020-04-15,191212.20111734112
2020-04-16,192875.37192986507
2020-04-17,203349.05991170066
2020-04-20,196568.183550042
2020-04-21,184587.78133915918
2020-04-22,192514.86397335623
2020-04-23,192469.81545013792
2020-04-24,197829.9624285059
2020-04-27,203720.34099821793
2020-04-28,201712.63541639934
2020-04-29,212254.67929082038
2020-04-30,208598.64798964956
2020-05-01,197397.7769787472
2020-05-04,198461.1379690517
2020-05-05,202055.81378628922
2020-05-06,199489.29384696155
2020-05-07,204207.77148005337
2020-05-08,211036.06780673063
2020-05-11,211193.09453228343
2020-05-12,202427.74463091014
2020-05-13,195278.0806414397
2020-05-14,200215.5222535754
2020-05-15,201958.32143938128
2020-05-18,214164.72015792064
2020-05-19,210197.82880232786
2020-05-20,217133.70740345496
2020-05-21,213919.74031211637
2020-05-22,214867.26610709104
2020-05-26,220280.09794331854
2020-05-27,226673.62082681202
2020-05-28,225958.48517870108
2020-05-29,228084.27508558542
2020-06-01,229518.97245567347
2020-06-02,233476.7600667803
2020-06-03,239546.66099963608
2020-06-04,238393.9502381482
2020-06-05,250743.20516676983
2020-06-08,256620.93345142872
2020-06-09,253112.20781725083
2020-06-10,250108.26516572875
2020-06-11,221357.24682732965
2020-06-12,226788.83501990064
2020-06-15,230859.1959487526
2020-06-16,239334.09503109934
2020-06-17,237668.52493449816
2020-06-18,237817.9028264924
2020-06-19,234995.43399931394
2020-06-22,238230.14887141634
2020-06-23,240273.973124132
2020-06-24,228275.71034146353
2020-06-25,232844.801772901
2020-06-26,221990.37009534633
2020-06-29,228594.45937827526
2020-06-30,235165.22861262766
2020-07-01,237655.93139164895
2020-07-02,240126.5913447176
2020-07-06,247543.56456248666
2020-07-07,242484.2306273431
2020-07-08,246185.1294511444
2020-07-09,243755.42117240382
2020-07-10,248456.42457690657
2020-07-13,244032.56628208974
2020-07-14,250415.5766886973
2020-07-15,255213.59222247996
2020-07-16,253444.49605188193
2020-07-17,254762.42454730632
2020-07-20,258829.42539721282
2020-07-21,259832.60670450926
2020-07-22,262917.29033364204
2020-07-23,256694.0864450884
2020-07-24,253438.9078126326
2020-07-27,257169.59972681975
2020-07-28,254032.22886847064
2020-07-29,259908.67833749007
2020-07-30,258262.48029481634
2020-07-31,262114.4371624045
2020-08-03,265751.29020409234
2020-08-04,267906.3855523767
2020-08-05,271213.6546103481
2020-08-06,274948.3071668178
2020-08-07,275358.1857074949
2020-08-10,276981.086931548
2020-08-11,272455.8074769821
2020-08-12,279817.56020196073
2020-08-13,278990.68147075654
2020-08-14,279044.5285479536
2020-08-17,280821.6535608997
2020-08-18,281956.140987514
2020-08-19,279502.1517916672
2020-08-20,281460.355580412
2020-08-21,283353.2835122579
2020-08-24,289123.45251579507
2020-08-25,291224.57400711015
2020-08-26,297092.3402633924
2020-08-27,298333.15729354124
2020-08-28,302156.1569142354
2020-08-31,300867.48523100873
2020-09-01,305787.5184384534
2020-09-02,314617.70605617727
2020-09-03,293085.5149203599
2020-09-04,287681.8311509766
2020-09-08,272422.80371224514
2020-09-09,283050.48136031715
2020-09-10,273645.55146307696
2020-09-11,273592.3113026056
2020-09-14,280708.0537356284
2020-09-15,283493.83651432174
2020-09-16,281434.8216466718
2020-09-17,276432.0158139604
2020-09-18,270243.50552444777
2020-09-21,264283.7427040215
2020-09-22,269409.87962336716
2020-09-23,256753.09871257617
2020-09-24,258161.84773194272
2020-09-25,266620.2400471958
2020-09-28,275582.5591165038
2020-09-29,272593.18898371456
2020-09-30,275690.1350071606
2020-10-01,280050.3495237673
2020-10-02,274920.532380667
2020-10-05,284534.44324443606
2020-10-06,276544.84767147107
2020-10-07,286131.2605611136
2020-10-08,290988.0075261132
2020-10-09,296214.57099734776
2020-10-12,305838.8711380558
2020-10-13,302036.2563992167
2020-10-14,298164.3546808699
2020-10-15,297498.54090618936
2020-10-16,297129.05782374623
2020-10-19,288248.5112171521
2020-10-20,290212.2303372841
2020-10-21,289117.5717706005
2020-10-22,292468.1816594831
2020-10-23,294134.82356135634
2020-10-26,283573.9241547074
2020-10-27,281752.7906683701
2020-10-28,262395.93451107515
2020-10-29,267821.34919610404
2020-10-30,262322.9083417069
2020-11-02,267937.615017361
2020-11-03,277236.9302612721
2020-11-04,290007.81872881675
2020-11-05,301044.6346392423
2020-11-06,301026.0819855808
2020-11-09,308650.9876737402
2020-11-10,307711.7825260856
2020-11-11,312306.87512468314
2020-11-12,306374.0081158411
2020-11-13,314645.28295014374
2020-11-16,322514.7334668862
2020-11-17,319385.66578704916
2020-11-18,311285.9276272484
2020-11-19,314284.31997550867
2020-11-20,309698.8555656529
2020-11-23,313498.26456169074
2020-11-24,323338.55053471326
2020-11-25,322166.37262590183
2020-11-27,324333.841077124
2020-11-30,321658.72439356253
2020-12-01,328117.5809818143
2020-12-02,329879.00031752774
2020-12-03,329607.2873090883
2020-12-04,335194.50913045486
2020-12-07,334079.4112536931
2020-12-08,335934.8112168102
2020-12-09,329726.48992282496
2020-12-10,329901.1074996472
2020-12-11,328600.83253038564
2020-12-14,326373.4242169853
2020-12-15,334712.2767874689
2020-12-16,335611.4104438706
2020-12-17,339467.2130832502
2020-12-18,336809.8199217739
2020-12-21,334064.833614343
2020-12-22,333439.97537985264
2020-12-23,333791.12911006773
2020-12-24,336582.3185997315
2020-12-28,342403.5414050377
2020-12-29,341296.52689555887
2020-12-30,342046.4990242833
2020-12-31,346136.35723234864
2021-01-04,336357.76415386586
2021-01-05,340785.19970520824
2021-01-06,344472.561623037
2021-01-07,355039.0829941857
2021-01-08,359084.0230923482
2021-01-11,354206.6489411192
2021-01-12,354126.25021246186
2021-01-13,356075.69808684726
2021-01-14,353979.8311673253
2021-01-15,348534.60585959157
2021-01-19,354037.311646695
2021-01-20,363682.1886063372
2021-01-21,364354.1845874121
2021-01-22,361826.7780709185
2021-01-25,365076.597566335
2021-01-26,363587.2384726532
2021-01-27,346341.9134839182
2021-01-28,351646.1059182538
2021-01-29,337894.5263101228
2021-02-01,348625.3847571523
2021-02-02,358328.5173404775
2021-02-03,359439.39431774645
2021-02-04,367470.31642958167
2021-02-05,370374.5733969664
2021-02-08,375897.95516012114
2021-02-09,375484.255388312
2021-02-10,375215.49859161285
2021-02-11,376269.47471125214
2021-02-12,380160.16916691937
2021-02-16,379473.71541284927
2021-02-17,379619.1952314532
2021-02-18,376459.5994655296
2021-02-19,374969.20322867704
2021-02-22,369267.34928023955
2021-02-23,370107.8745443889
2021-02-24,378358.490945811
2021-02-25,360056.8462702485
2021-02-26,355625.1906004242
2021-03-01,373242.04625490267
2021-03-02,367742.7428666589
2021-03-03,357929.7277134459
2021-03-04,349076.2709596594
2021-03-05,361821.731975387
2021-03-08,358355.2492923721
2021-03-09,368502.8983603259
2021-03-10,372819.0942888294
2021-03-11,380617.02126098546
2021-03-12,381656.41889953637
2021-03-15,386464.98377808736
2021-03-16,385250.0803060479
2021-03-17,387885.1983842501
2021-03-18,376784.1775042853
2021-03-19,375460.64023047016
2021-03-22,381220.2838661706
2021-03-23,375541.60555027245
2021-03-24,371681.00357463124
2021-03-25,375685.96548528236
2021-03-26,387620.6978522336
2021-03-29,387327.1014137921
2021-03-30,385230.77850948775
2021-03-31,388450.3557428453
2021-04-01,396826.7003231352
2021-04-05,408220.3771703535
2021-04-06,407746.9908646977
2021-04-07,408693.21420258685
2021-04-08,412568.61410020135
2021-04-09,418560.5661833451
2021-04-12,418865.59184190346
2021-04-13,421350.2769012218
2021-04-14,418464.76527730684
2021-04-15,427461.8993321524
2021-04-16,430324.04797180527
2021-04-19,426082.7699137171
2021-04-20,419862.26260707615
2021-04-21,427804.36433700257
2021-04-22,419986.06063869444
2021-04-23,429085.1221940307
2021-04-26,430893.5607230145
2021-04-27,430694.6561712114
2021-04-28,430451.60673076584
2021-04-29,435929.7202664168
2021-04-30,430216.90918546886
2021-05-03,432071.8159156924
2021-05-04,426738.55218880146
2021-05-05,427002.4597659126
2021-05-06,433822.1796282225
2021-05-07,440141.5929271768
2021-05-10,431409.11225562927
2021-05-11,423714.8537959655
2021-05-12,405704.0145250852
2021-05-13,415457.0301434564
2021-05-14,428210.6250545403
2021-05-17,425964.8228715665
2021-05-18,418871.81409272837
2021-05-19,416345.86636790214
2021-05-20,425203.36524568417
2021-05-21,424852.35637952335
2021-05-24,433426.5935708308
2021-05-25,431699.04435912264
2021-05-26,433157.89778979274
2021-05-27,433445.73241403
2021-05-28,435527.689432268
2021-06-01,434462.01531834906
2021-06-02,435947.6966854867
2021-06-03,432704.71583224845
2021-06-04,440184.4096953062
2021-06-07,439804.9884776705
2021-06-08,439894.2255657252
2021-06-09,438577.8449962194
2021-06-10,442610.18136603205
2021-06-11,444064.8843942361
2021-06-14,446059.97638096404
2021-06-15,444419.8847986225
2021-06-16,439463.820989338
2021-06-17,439173.92249271943
2021-06-18,427358.88333527965
2021-06-21,439584.5291449792
2021-06-22,444289.5452836451
2021-06-23,443213.5122762474
2021-06-24,448475.2033792997
2021-06-25,451650.8470039819
2021-06-28,453481.58906509995
2021-06-29,453957.1859073287
2021-06-30,454727.60341361037
2021-07-01,459762.2414844209
2021-07-02,466785.69006974
2021-07-06,465085.44685920834
2021-07-07,468365.0572394473
2021-07-08,460747.11989411147
2021-07-09,470585.2179210802
2021-07-12,473953.04919072945
2021-07-13,470712.1071492269
2021-07-14,472119.3872009877
2021-07-15,468907.847863563
2021-07-16,461539.60846086015
2021-07-19,447902.09472624015
2021-07-20,460750.085085362
2021-07-21,468211.90207879565
2021-07-22,470167.09793616214
2021-07-23,479848.1951850008
2021-07-26,482199.99272054294
2021-07-27,477811.68801382085
2021-07-28,477416.68710464786
2021-07-29,481365.06280982605
2021-07-30,476700.78565753007
2021-08-02,474704.91079730046
2021-08-03,482416.9115435133
2021-08-04,477677.72101683245
2021-08-05,483717.65815795725
2021-08-06,485330.63476363075
2021-08-09,484534.51175586483
2021-08-10,485727.7160098267
2021-08-11,488163.90913104505
2021-08-12,491075.867025561
2021-08-13,492865.9227052626
2021-08-16,495178.351690307
2021-08-17,488697.8574165199
2021-08-18,478007.3348018168
2021-08-19,479471.1916019585
2021-08-20,487104.1933174653
2021-08-23,495688.76703862543
2021-08-24,497250.3268402793
2021-08-25,499335.6809881548
2021-08-26,493446.47642817075
2021-08-27,502275.0927930922
2021-08-30,506680.9102069384
2021-08-31,505173.999129988
2021-09-01,505723.32196666574
2021-09-02,508829.8773631438
2021-09-03,508590.17985166697
2021-09-07,504947.6360389423
2021-09-08,503729.8590758749
2021-09-09,499413.1626057978
2021-09-10,491529.3163795069
2021-09-13,494049.9795404275
2021-09-14,488712.34560988104
2021-09-15,496886.7175919163
2021-09-16,495299.8632780072
2021-09-17,485675.7324485339
2021-09-20,469496.29741794744
2021-09-21,468598.59895252116
2021-09-22,477750.9602521458
2021-09-23,489360.1007826575
2021-09-24,490957.8962285184
2021-09-27,488157.19683726726
2021-09-28,468491.03987608134
2021-09-29,470054.05580737226
2021-09-30,458565.1758187418
2021-10-01,469457.13620934903
2021-10-04,457356.0652671694
2021-10-05,466869.6526844828
2021-10-06,470746.3740358489
2021-10-07,478900.4189743764
2021-10-08,477158.03363319667
2021-10-11,470247.57296093996
2021-10-12,467922.5207093647
2021-10-13,471298.1211679343
2021-10-14,487153.63117324177
2021-10-15,494556.57654104306
2021-10-18,497507.03935300483
2021-10-19,505177.38342868286
2021-10-20,509137.3138083005
2021-10-21,511795.5566038189
2021-10-22,510739.0951325624
2021-10-25,516207.83036585996
2021-10-26,517148.25336640986
2021-10-27,512562.53590061347
2021-10-28,522462.01859286224
2021-10-29,524572.4371840768
2021-11-01,526371.1240386338
2021-11-02,530632.0554958006
2021-11-03,537110.3331474354
2021-11-04,542176.8316994591
2021-11-05,545932.7680947976
2021-11-08,546874.9933786673
2021-11-09,543251.7433601394
2021-11-10,534520.5363391215
2021-11-11,534864.0112328081
2021-11-12,542938.2637654132
2021-11-15,543309.1485688596
2021-11-16,547612.8812398503
2021-11-17,544955.8922454884
2021-11-18,548646.8137639128
2021-11-19,546683.277554465
2021-11-22,543606.7962902314
2021-11-23,545041.7351540308
2021-11-24,547964.9415148778
2021-11-26,523523.17897773517
2021-11-29,536363.3747112921
2021-11-30,515481.7336860277
2021-12-01,504044.2419305688
2021-12-02,519472.3456017626
2021-12-03,510433.63070934545
2021-12-06,522531.201213075
2021-12-07,544149.8390369184
2021-12-08,547018.2104505454
2021-12-09,539630.0928510957
2021-12-10,549799.7131270485
2021-12-13,540106.7950103044
2021-12-14,532618.4833471057
2021-12-15,549276.1878711764
2021-12-16,539589.6532444633
2021-12-17,528143.0661660566
2021-12-20,516916.60145124147
2021-12-21,535273.8019129019
2021-12-22,545985.1606195573
2021-12-23,552767.7387262268
2021-12-27,568409.1715745865
2021-12-28,567474.7657388313
2021-12-29,568938.3050875287
2021-12-30,565780.0633193457
2021-12-31,562932.9591731417
2022-01-03,569467.2941606417
2022-01-04,569088.137988046
2022-01-05,547230.7466349097
2022-01-06,546190.2427026961
2022-01-07,541883.6855960137
2022-01-10,540527.805394577
2022-01-11,550327.1570490757
2022-01-12,553357.9622927271
2022-01-13,538112.5001673012
2022-01-14,538530.0700635853
2022-01-18,519461.8398039877
2022-01-19,508675.91252823593
2022-01-20,497430.10273214604
2022-01-21,477881.37592678197
2022-01-24,481953.3740949307
2022-01-25,470173.4791585121
2022-01-26,467809.93352033995
2022-01-27,463209.19975785894
2022-01-28,486213.0739683292
2022-01-31,503732.3743665643
2022-02-01,510522.24424444354
2022-02-02,520440.6343648238
2022-02-03,495973.15617923235
2022-02-04,500635.8195661462
2022-02-07,497441.8574366394
2022-02-08,505625.2511943084
2022-02-09,520413.7169147073
2022-02-10,501721.9949539195
2022-02-11,481927.7718401168
2022-02-14,478772.4581018993
2022-02-15,494219.714767861
2022-02-16,495323.8276395262
2022-02-17,474181.16823502345
2022-02-18,468038.80592574965
2022-02-22,457982.548162372
2022-02-23,441999.44667160034
2022-02-24,454390.08677422546
2022-02-25,475123.99828428595
2022-02-28,472684.4553639859
2022-03-01,458291.4702238447
2022-03-02,475151.3891895703
2022-03-03,470411.6097031991
2022-03-04,462765.24618164625
2022-03-07,435495.67841440433
2022-03-08,428890.754194879
2022-03-09,451875.0425936977
2022-03-10,447794.906768924
2022-03-11,436413.4110448128
2022-03-14,430046.91470237065
2022-03-15,448940.46368553175
2022-03-16,468865.5753189029
2022-03-17,480596.3437045101
2022-03-18,491085.7788298333
2022-03-21,490805.53204716457
2022-03-22,502292.3706813196
2022-03-23,489350.09970457683
2022-03-24,504104.7254601736
2022-03-25,509025.0127784307
2022-03-28,516108.5054496568
2022-03-29,528985.1894727474
2022-03-30,522709.8126687424
2022-03-31,506428.568906863
2022-04-01,509296.71104764147
2022-04-04,518020.51646429376
2022-04-05,504931.5626955167
2022-04-06,494826.3050431457
2022-04-07,499816.15013601776
2022-04-08,497155.6750799449
2022-04-11,480155.28737146076
2022-04-12,476602.0851776065
2022-04-13,487520.93585208803
2022-04-14,475362.5528731819
2022-04-18,475752.7681559674
2022-04-19,491115.18739992636
2022-04-20,490392.01576665725
2022-04-21,475729.4413540876
2022-04-22,449627.16726459074
2022-04-25,454825.29815536435
2022-04-26,428483.32829599245
2022-04-27,430899.6490438703
2022-04-28,452664.0216107045
2022-04-29,419202.1129594574
2022-05-02,424256.7575909497
2022-05-03,428151.60210394865
2022-05-04,454214.1380699656
2022-05-05,421943.7078432323
2022-05-06,416899.91189241037
2022-05-09,390204.2626790617
2022-05-10,392006.5918369327
2022-05-11,379548.0953539537
2022-05-12,378751.3691728458
2022-05-13,396873.1513235227
2022-05-16,393656.98244390456
2022-05-17,409838.79801156686
2022-05-18,376802.16895697283
2022-05-19,372187.9329774059
2022-05-20,372511.1618387861
2022-05-23,386456.45666930784
2022-05-24,380549.4450822661
2022-05-25,387268.7477942321
2022-05-26,402740.9557789891
2022-05-27,422528.25981820095
2022-05-31,417774.70934885554
2022-06-01,411016.227348485
2022-06-02,426586.71125206375
2022-06-03,412671.4602936578
2022-06-06,415200.12349877326
2022-06-07,423150.31066843664
2022-06-08,413962.85063968616
2022-06-09,394257.4273274799
2022-06-10,371399.2162960131
2022-06-13,343201.1142425725
2022-06-14,341131.0153545568
2022-06-15,350852.2655942207
2022-06-16,327635.5391330579
2022-06-17,329033.39031907346
2022-06-21,345597.220628839
2022-06-22,344355.9488335505
2022-06-23,351112.58155086695
2022-06-24,373436.47254722513
2022-06-27,370575.1219953997
2022-06-28,355440.18485678517
2022-06-29,354850.55254482164
2022-06-30,349096.59079183266
2022-07-01,356478.5920142902
2022-07-05,357816.92434041697
2022-07-06,360242.2670618163
2022-07-07,371025.0018788578
2022-07-08,370422.70486003434
2022-07-11,361957.27573810774
2022-07-12,355552.70699815825
2022-07-13,351818.94176687254
2022-07-14,350098.7469188069
2022-07-15,363475.5844138667
2022-07-18,357476.26067265304
2022-07-19,376801.96395270777
2022-07-20,381593.74703734234
2022-07-21,389366.0110399158
2022-07-22,382152.4847084996
2022-07-25,383068.6489988425
2022-07-26,374018.3387686778
2022-07-27,393433.2156505369
2022-07-28,403241.6855730689
2022-07-29,415052.2427047545
2022-08-01,412613.6278827525
2022-08-02,407158.76810494775
2022-08-03,419907.09153824934
2022-08-04,419352.6179790825
2022-08-05,417924.72625754983
2022-08-08,416946.054564224
2022-08-09,413652.2221717032
2022-08-10,431029.72175738437
2022-08-11,431029.72175738437
2022-08-12,445610.87605042744
2022-08-15,449278.3649026487
2022-08-16,451042.4459447461
2022-08-17,444635.1222618747
2022-08-18,447223.5898820381
2022-08-19,435211.6814738627
2022-08-22,417091.87623187545
2022-08-23,415074.1693247552
2022-08-24,417722.60969971213
2022-08-25,429519.0808941019
2022-08-26,400446.99338369607
2022-08-29,395144.02374759084
2022-08-30,386467.9388494552
2022-08-31,380584.66235350445
2022-09-01,382976.6829217067
2022-09-02,374903.74145464436
2022-09-06,372067.06704921887
2022-09-07,385434.98612712714
2022-09-08,390472.6854378161
2022-09-09,402604.7127276591
2022-09-12,411274.9803931718
2022-09-13,375508.27531211637
2022-09-14,378363.3928476872
2022-09-15,369765.60091547854
2022-09-16,364159.46441729955
2022-09-19,369801.9711375503
2022-09-20,361323.02002978924
2022-09-21,348702.79284507746
2022-09-22,342853.47224412696
2022-09-23,331369.0092052255
2022-09-26,324799.58343808964
2022-09-27,323154.9812721728
2022-09-28,335868.29771690303
2022-09-29,321826.67906995426
2022-09-30,311878.26089797623
2022-10-03,328351.1876157895
2022-10-04,348702.4090558258
2022-10-05,347077.9739084067
2022-10-06,339920.1358184086
2022-10-07,320942.3434681785
2022-10-10,316046.7070970223
2022-10-11,312035.1681073775
2022-10-12,309987.35732406407
2022-10-13,326352.35714046686
2022-10-14,311473.127156859
2022-10-17,327484.02525876183
2022-10-18,335175.4412638678
2022-10-19,330423.7306873508
2022-10-20,324878.9199388785
2022-10-21,340683.0344471489
2022-10-24,349001.68380976975
2022-10-25,360162.63175942376
2022-10-26,354729.69329635345
2022-10-27,350934.1274266293
2022-10-28,367641.5887809174
2022-10-31,362332.54194020905
2022-11-01,359166.3480542217
2022-11-02,341133.62855149945
2022-11-03,334113.9078420772
2022-11-04,343722.31367792655
2022-11-07,350308.05924466415
2022-11-08,354076.6828545456
2022-11-09,339484.9969092681
2022-11-10,376803.99981917307
2022-11-11,384088.330157172
2022-11-14,377562.6065949834
2022-11-15,383992.357873107
2022-11-16,378134.50496499543
2022-11-17,375829.4178687338
2022-11-18,379246.50309832604
2022-11-21,376476.3756740118
2022-11-22,386616.27805749694
2022-11-23,391480.01317655336
2022-11-25,391316.87526248064
2022-11-28,378819.0377374904
2022-11-29,377515.3242068641
2022-11-30,401302.12338784244
2022-12-01,400724.3688332567
2022-12-02,399796.5036143163
2022-12-05,385400.3694691274
2022-12-06,374300.83882841654
2022-12-07,373025.80935827503
2022-12-08,378872.98295346234
2022-12-09,373200.81164859916
2022-12-12,383962.29868864873
2022-12-13,389772.5730698136
2022-12-14,384792.68777558627
2022-12-15,365970.59288452443
2022-12-16,357366.46919438126
2022-12-19,351316.0052649647
2022-12-20,352280.44374539127
2022-12-21,362807.2327818384
2022-12-22,352458.6714448597
2022-12-23,356515.02706514916
2022-12-27,353698.18536264
2022-12-28,344913.5371964081
2022-12-29,357332.52621054265
2022-12-30,355446.4560137029
2023-01-03,352440.60732135066
2023-01-04,357886.09132346686
2023-01-05,349713.6211124647
2023-01-06,365754.38338430825
2023-01-09,365341.4237858743
2023-01-10,370471.022559779
2023-01-11,379831.9987434791
2023-01-12,382617.2196669515
2023-01-13,385573.5010414774
2023-01-17,384160.3304528128
2023-01-18,372029.37582982745
2023-01-19,366616.38112740545
2023-01-20,380276.0471141674
2023-01-23,389395.3767811738
2023-01-24,388563.898709822
2023-01-25,388847.5146000196
2023-01-26,397399.6267126559
2023-01-27,399222.8896854334
2023-01-30,389202.7914410014
2023-01-31,400656.49096515187
2023-02-01,409170.81415687583
2023-02-02,421079.02841961244
2023-02-03,412140.9804571636
2023-02-06,407094.2710876026
2023-02-07,417747.2827635536
2023-02-08,408615.16215436993
2023-02-09,401535.5305056318
2023-02-10,403408.3065435597
2023-02-13,412876.48401414475
2023-02-14,412500.87617464934
2023-02-15,415170.64975761715
2023-02-16,403745.6623694987
2023-02-17,401723.6327848599
2023-02-21,385608.5856784229
2023-02-22,384540.11070568947
2023-02-23,388626.8937261207
2023-02-24,380329.1706990299
2023-02-27,382911.7454072903
2023-02-28,380079.379648061
2023-03-01,377177.475635794
2023-03-02,383038.78848726203
2023-03-03,395333.9599209242
2023-03-06,395864.5547463394
2023-03-07,383734.3744255076
2023-03-08,384980.78741871694
2023-03-09,370784.885168066
2023-03-10,360076.1537711039
2023-03-13,359063.80157753796
2023-03-14,370922.7538481624
2023-03-15,366279.9219669235
2023-03-16,379139.08200810564
2023-03-17,370311.9085641075
2023-03-20,377436.517458591
2023-03-21,387338.6473771363
2023-03-22,374139.7688889431
2023-03-23,376162.628417006
2023-03-24,381094.2136387658
2023-03-27,382515.2734412054
2023-03-28,380810.8386413259
2023-03-29,391874.930572324
2023-03-30,396461.34871366766
2023-03-31,407647.09855123603
2023-04-03,410751.4832180729
2023-04-04,406181.1147015862
2023-04-05,404053.3222687582
2023-04-06,407205.7231920962
2023-04-10,408053.7668072166
2023-04-11,408260.82187092706
2023-04-12,404947.100552
2023-04-13,415693.43644338386
2023-04-14,413666.4790546034
2023-04-17,416626.52541635366
2023-04-18,417170.43792976404
2023-04-19,417044.83777784207
2023-04-20,412482.05267154257
2023-04-21,413127.3201825974
2023-04-24,413981.40550568583
2023-04-25,400844.10363093036
2023-04-26,397458.8559227229
2023-04-27,413271.40562635625
2023-04-28,420332.1357194586
2023-05-01,419470.9500230091
2023-05-02,410049.58758189395
2023-05-03,404427.78107924096
2023-05-04,398700.5678379374
2023-05-05,413448.3161147255
2023-05-08,413677.40219845605
2023-05-09,410052.673223608
2023-05-10,413868.8530765817
2023-05-11,412431.15731751797
2023-05-12,411349.56162543286
2023-05-15,414195.40886404854
2023-05-16,408650.84750539326
2023-05-17,418567.9493371434
2023-05-18,426634.45718321006
2023-05-19,425407.6451595797
2023-05-22,425745.5887732311
2023-05-23,416194.89116414374
2023-05-24,410157.6315372584
2023-05-25,417270.6111675276
2023-05-26,428063.17434359
2023-05-30,428402.1000556593
2023-05-31,423655.2623819123
2023-06-01,431705.21812355035
2023-06-02,444191.59225700813
2023-06-05,442487.18757535086
2023-06-06,444403.64870213094
2023-06-07,441339.31684422895
2023-06-08,446672.5925454043
2023-06-09,448273.53080846876
2023-06-12,456400.90644862526
2023-06-13,462436.3934966738
2023-06-14,463536.96085708274
2023-06-15,475018.5029606551
2023-06-16,471806.2808175508
2023-06-20,466893.1373113344
2023-06-21,462116.28444759565
2023-06-22,465460.4891341332
2023-06-23,458416.75592569925
2023-06-26,454669.74867141305
2023-06-27,464642.5864512467
2023-06-28,465105.8282826365
2023-06-29,468769.46914317156
2023-06-30,479847.8230956028
2023-07-03,480946.18079783506
2023-07-05,479509.9511559034
2023-07-06,472003.4284036321
2023-07-07,469624.73742590094
2023-07-10,471997.4194810309
2023-07-11,477999.64740397164
2023-07-12,485695.2471000903
2023-07-13,493407.2009748399
2023-07-14,492793.56696165155
2023-07-17,496223.23666004575
2023-07-18,503584.9905384765
2023-07-19,505835.03403690446
2023-07-20,499115.87880256923
2023-07-21,499115.87880256923
2023-07-24,503572.98485740856
2023-07-25,506328.0116734424
2023-07-26,506489.1599903339
2023-07-27,499765.90349676966
2023-07-28,509554.6963346352
2023-07-31,511494.4935063334
2023-08-01,508579.2698862136
2023-08-02,494413.9374128014
2023-08-03,491593.58878765185
2023-08-04,487148.3698352688
2023-08-07,495637.2025108827
2023-08-08,491333.3532414169
2023-08-09,484758.36028123915
2023-08-10,485118.674959512
2023-08-11,484555.47412018874
2023-08-14,489891.5170245627
2023-08-15,478481.8439848038
2023-08-16,471457.1900194388
2023-08-17,464284.62761652423
2023-08-18,464725.34488804615
2023-08-21,470766.0358199623
2023-08-22,468214.3381262194
2023-08-23,478636.80389763816
2023-08-24,465370.23423200916
2023-08-25,471943.38475817937
2023-08-28,477918.4763240452
2023-08-29,491754.34082581464
2023-08-30,495789.7597860745
2023-08-31,494332.8936416157
2023-09-01,496196.7568602387
2023-09-05,491892.69577223173
2023-09-06,485294.6744087655
2023-09-07,482299.4453170969
2023-09-08,483758.7477235027
2023-09-11,490121.9234430355
2023-09-12,484735.595191497
2023-09-13,485883.43107564177
2023-09-14,494243.24895483605
2023-09-15,482380.5928657069
2023-09-18,482941.82683064666
2023-09-19,480942.67229167337
2023-09-20,472110.83836177574
2023-09-21,456498.5458967227
2023-09-22,454446.0819700813
2023-09-25,458258.5491007027
2023-09-26,444804.4850025081
2023-09-27,445149.2946808044
2023-09-28,450323.44378596696
2023-09-29,448133.40777757025
2023-10-02,447787.317055985
2023-10-03,435786.93264467263
2023-10-04,442142.86970066885
2023-10-05,441799.1407314637
2023-10-06,452300.27230282844
2023-10-09,458079.6344948569
2023-10-10,462846.17277890164
2023-10-11,466648.3707366285
2023-10-12,460954.84573662607
2023-10-13,456370.9582760487
2023-10-16,465973.0250610558
2023-10-17,465928.92492855276
2023-10-18,453515.32510200114
2023-10-19,445532.5853268244
2023-10-20,434581.01862002705
2023-10-23,433090.72241410415
2023-10-24,439615.50964419276
2023-10-25,427003.67704079155
2023-10-26,416769.8528436831
2023-10-27,412996.9538057364
2023-10-30,422873.93775386264
2023-10-31,428185.7122618053
2023-11-01,437312.2283313287
2023-11-02,454071.1669780819
2023-11-03,462358.0500580355
2023-11-06,464486.91182552156
2023-11-07,467126.60444085434
2023-11-08,467810.45723005256
2023-11-09,460503.3333877069
2023-11-10,474893.03589350806
2023-11-13,473981.2341480912
2023-11-14,492377.4870777379
2023-11-15,494460.4266713075
2023-11-16,495662.9137712949
2023-11-17,496889.57726092136
2023-11-20,504554.32699941786
2023-11-21,502354.18549039273
2023-11-22,506218.8882261559
2023-11-24,506861.6475618319
2023-11-27,505024.0271591787
2023-11-28,506032.882929405
2023-11-29,505321.3889448799
2023-11-30,509289.19106844574
2023-12-01,515321.73178276065
2023-12-04,509902.16840131505
2023-12-05,509717.8636370621
2023-12-06,505594.789951354
2023-12-07,513325.70236831484
2023-12-08,517740.5622905207
2023-12-11,521756.48433308187
2023-12-12,526533.620522822
2023-12-13,541047.3848764575
2023-12-14,544511.6067026592
2023-12-15,542726.3617680043
2023-12-18,548833.7562410043
2023-12-19,555501.0593995719
2023-12-20,540114.5503536217
2023-12-21,550354.5874708324
2023-12-22,552579.7407894477
2023-12-26,557230.8230600143
2023-12-27,559253.1336230627
2023-12-28,559687.2708265223
2023-12-29,556429.9784952834
2024-01-02,550199.0405200024
2024-01-03,541228.2089717078
2024-01-04,537740.5469202067
2024-01-05,539206.7788136498
2024-01-08,554599.4930247159
2024-01-09,552918.4882611692
2024-01-10,559176.7213293696
2024-01-11,558670.3517240259
2024-01-12,559465.7149375074
2024-01-16,555341.3556835706
2024-01-17,549165.6897130951
2024-01-18,558938.9369105826
2024-01-19,572872.3337378016
2024-01-22,575288.2295031758
2024-01-23,578662.9277251285
2024-01-24,579913.7461244665
2024-01-25,586223.6948005176
2024-01-26,584742.5838990511
2024-01-29,593987.8182764075
2024-01-30,593093.3144401376
2024-01-31,573727.0021318882
2024-02-01,588743.1573105718
2024-02-02,601133.8450573728
2024-02-05,596760.6903574065
2024-02-06,600221.5438270192
2024-02-07,610234.6000547732
2024-02-08,610788.4890390625
2024-02-09,617841.1830442147
2024-02-12,617283.8618737293
2024-02-13,600293.2362556609
2024-02-14,611204.2540052179
2024-02-15,619643.8659376093
2024-02-16,613454.6564778072
2024-02-20,606716.0312837407
2024-02-21,607820.3834690915
2024-02-22,632967.240416914
2024-02-23,633838.6901212801
2024-02-26,629196.3106407762
2024-02-27,631547.3000233995
2024-02-28,629857.575611143
2024-02-29,634383.0390121242
2024-03-01,646314.5257814181
2024-03-04,644916.0250444331
2024-03-05,632032.7092085741
2024-03-06,638434.9854363757
2024-03-07,651098.1587012293
2024-03-08,643300.8872306145
2024-03-11,642190.0106332523
2024-03-12,655999.4383021683
2024-03-13,653938.5978191734
2024-03-14,651360.088561617
2024-03-15,642444.1132093687
2024-03-18,650085.342691617
2024-03-19,657304.3295005517
2024-03-20,669472.0383033503
2024-03-21,673898.90947549
2024-03-22,671334.4955087524
2024-03-25,667613.948229972
2024-03-26,665166.7891268291
2024-03-27,676329.5091812772
2024-03-28,676091.1551692311
2024-04-01,673734.5142414096
2024-04-02,665170.2604558115
2024-04-03,666614.7697375943
2024-04-04,650339.8410293995
2024-04-05,663946.7438104256
2024-04-08,664681.3577960299
2024-04-09,666203.8995606937
2024-04-10,652879.5587619689
2024-04-11,662739.3512695711
2024-04-12,644444.5947021251
2024-04-15,628292.4533956535
2024-04-16,625996.0628496167
2024-04-17,618584.6606652628
2024-04-18,616027.6364678621
2024-04-19,605290.1658736431
2024-04-22,616434.0860992805
2024-04-23,631065.9614672748
2024-04-24,630477.9125616231
2024-04-25,625673.4924910307
2024-04-26,637536.7730989496
2024-04-29,642033.7072098852
2024-04-30,621713.4918757598
2024-05-01,617679.2745105571
2024-05-02,629211.4457018776
2024-05-03,644831.979726279
2024-05-06,658137.8724083462
2024-05-07,659599.5019954997
2024-05-08,659730.1493902738
2024-05-09,667308.4486584025
2024-05-10,669043.0143553604
2024-05-13,669227.2222337623
2024-05-14,675359.5570201338
2024-05-15,692095.4871639541
2024-05-16,689231.8837097847
2024-05-17,691208.214139301
2024-05-20,692812.9383634287
2024-05-21,696213.5429538344
2024-05-22,692214.0897335887
2024-05-23,682097.0528113719
2024-05-24,691103.4756867731
2024-05-28,692092.9248171311
2024-05-29,682378.682619752
2024-05-30,673344.2497975439
2024-05-31,685591.4316209524
2024-06-03,686710.0036371934
2024-06-04,688255.9574171907
2024-06-05,704613.4606408696
2024-06-06,704586.4629221584
2024-06-07,702885.6392286856
2024-06-10,707226.9361909683
2024-06-11,710634.9329004076
2024-06-12,722293.3530429908
2024-06-13,725218.0049426936
2024-06-14,726094.434421079
2024-06-17,737659.3278472234
2024-06-18,741388.2280666265
2024-06-20,737373.0155217717
2024-06-21,735384.6683768121
2024-06-24,730613.5621465784
2024-06-25,736248.7853623374
2024-06-26,738070.0221913136
2024-06-27,740418.4519242723
2024-06-28,734579.5606882727
2024-07-01,737611.4826302526
2024-07-02,747526.9518979925
2024-07-03,754199.9343032116
2024-07-05,762913.3585872501
2024-07-08,764654.8172044993
2024-07-09,766145.1805514457
2024-07-10,781316.6509330624
2024-07-11,767843.9589876208
2024-07-12,777536.5748763516
2024-07-15,781789.5143709988
2024-07-16,791086.2095070725
2024-07-17,768893.9277278269
2024-07-18,757081.7052552169
2024-07-19,747011.3395033329
2024-07-22,762432.541066477
2024-07-23,760018.536260803
2024-07-24,725575.4232749067
2024-07-25,718019.7698264782
2024-07-26,734114.0441506184
2024-07-29,734967.6010994094
2024-07-30,727529.0760390838
2024-07-31,751156.4684680444
2024-08-01,729908.4885825599
2024-08-02,702707.1004889482
2024-08-05,661777.6734491844
2024-08-06,673975.4976751338
2024-08-07,664987.4005023838
2024-08-08,695724.0373727869
2024-08-09,701854.9439803854
2024-08-12,702607.8629655372
2024-08-13,725718.7247035193
2024-08-14,730284.4549687526
2024-08-15,755323.8761564677
2024-08-16,758698.2854686177
2024-08-19,773204.2501088172
2024-08-20,770693.1596579904
2024-08-21,775988.8582696754
2024-08-22,763806.6189634092
2024-08-23,780042.6096523168
2024-08-26,776330.5498635763
2024-08-27,778450.7061217381
2024-08-28,769420.6779307256
2024-08-29,769561.38872203
2024-08-30,784252.938475638
2024-09-03,751978.2196628454
2024-09-04,748890.8701147401
2024-09-05,745254.7364632128
2024-09-06,720168.3240078656
2024-09-09,736306.9309210489
2024-09-10,742718.3334624697
2024-09-11,757945.7865503886
2024-09-12,770703.6077490234
2024-09-13,778754.3485290452
2024-09-16,781074.5962065171
2024-09-17,781698.027658701
2024-09-18,777077.1246882082
2024-09-19,803589.7496934837
2024-09-20,800830.7912695587
2024-09-23,804818.6638038689
2024-09-24,809420.4215213626
2024-09-25,805843.8925590761
2024-09-26,812232.85524427
2024-09-27,809892.5428767832
2024-09-30,816384.0314736618
2024-10-01,801756.0888149124
2024-10-02,802416.2893069283
2024-10-03,799487.2386856885
2024-10-04,814019.7221939934
2024-10-07,799298.5042871615
2024-10-08,814429.8947092912
2024-10-09,825711.2890952484
2024-10-10,822827.8528476142
2024-10-11,832684.167828457
2024-10-14,846284.3834252337
2024-10-15,833134.2106177204
2024-10-16,840389.1583602438
2024-10-17,840536.0615641102
2024-10-18,847000.3674280588
2024-10-21,844227.7655845486
2024-10-22,843314.8959088321
2024-10-23,827892.8006863906
2024-10-24,831479.4662195403
2024-10-25,830924.2309242054
2024-10-28,836036.5321674328
2024-10-29,838761.6871739718
2024-10-30,833684.0641530257
2024-10-31,800999.1777096246
2024-11-01,807766.7712275508
2024-11-04,804282.349227282
2024-11-05,823735.6950803325
2024-11-06,864677.4978116138
2024-11-07,878050.1042532709
2024-11-08,885673.0569305901
2024-11-11,887360.9718226444
2024-11-12,881839.8560248902
2024-11-13,882712.0565611953
2024-11-14,871337.75428132
2024-11-15,849035.6214090955
2024-11-18,855999.5252999846
2024-11-19,862251.1572905107
2024-11-20,862816.1486511413
2024-11-21,872096.9401556287
2024-11-22,877509.7906517596
2024-11-25,883449.349272358
2024-11-26,892689.7271142611
2024-11-27,887273.9853364789
2024-11-29,898283.6572661698
2024-12-02,901500.7012444861
2024-12-03,902352.005404037
2024-12-04,913545.8546536135
2024-12-05,910546.5081510153
2024-12-06,913999.2516215207
2024-12-09,904601.0378239284
2024-12-10,898966.8866608331
2024-12-11,912871.6445707184
2024-12-12,903449.084992717
2024-12-13,903083.8767590707
2024-12-16,910812.5549610889
2024-12-17,903295.406402203
2024-12-18,849463.1570405882
2024-12-19,848932.2241322673
2024-12-20,869248.8028897226
2024-12-23,879661.4693919283
2024-12-24,899230.1779129816
2024-12-26,899351.5519879486
2024-12-27,880415.9185419021
2024-12-30,860330.726742941
2024-12-31,854069.0277952597
2025-01-02,849870.3848336211
2025-01-03,871106.8211867902
2025-01-06,881139.4492775134
2025-01-07,861229.5775962718
2025-01-08,863752.9575482089
2025-01-10,837382.225666983
2025-01-13,839957.9307949543
2025-01-14,842273.7622477539
2025-01-15,872920.0455846878
2025-01-16,869573.578184192
2025-01-17,887019.325405899
2025-01-21,903252.9099905135
2025-01-22,913433.9175221181
2025-01-23,923396.9286170949
2025-01-24,917988.9503319308
2025-01-27,892039.4904580459
2025-01-28,907349.7146172276
2025-01-29,899218.3311341594
2025-01-30,908889.6274130465
2025-01-31,899197.080538775
2025-02-03,887100.8705917082
2025-02-04,898994.7249715227
2025-02-05,906299.8054279905
2025-02-06,912599.6831849194
2025-02-07,895894.520407302
2025-02-10,908058.0381621653
2025-02-11,909428.8067538221
2025-02-12,903575.783008017
2025-02-13,922658.2436785407
2025-02-14,922566.1329073044
2025-02-18,927969.6950688303
2025-02-19,932342.1175627669
2025-02-20,924595.2335748082
2025-02-21,892968.5903321097
2025-02-24,884844.6539549675
2025-02-25,876036.3408556486
2025-02-26,876933.7045400707
2025-02-27,848921.6252468653
2025-02-28,875419.1442425711
2025-03-03,844747.7864365038
2025-03-04,824752.8873171385
2025-03-05,842477.6552301465
2025-03-06,812573.4511539092
2025-03-07,821670.4968056004
2025-03-10,777900.5633511869
2025-03-11,764976.8497787898
2025-03-12,773101.6837399786
2025-03-13,752471.7920194992
2025-03-14,783565.7821373546
2025-03-17,795656.2772975964
2025-03-18,778463.3611739649
2025-03-19,795412.1837210435
2025-03-20,790802.0884198804
2025-03-21,791312.8325028212
2025-03-24,819668.2799604172
2025-03-25,823596.4257776595
2025-03-26,803937.6989359381
2025-03-27,799675.8881008631
2025-03-28,767469.1966653552
2025-03-31,777779.2350216067
2025-04-01,782167.0321706303
2025-04-02,792067.3451217813
2025-04-03,713984.5935117326
2025-04-04,630396.4158502698
2025-04-07,628150.183000278
2025-04-08,608474.0392180128
2025-04-09,736280.2395712308
2025-04-10,671747.1227032066
2025-04-11,695708.9486099404
2025-04-14,709230.9115801952
2025-04-15,705239.0676471723
2025-04-16,673898.6473769493
2025-04-17,675817.7737924156
2025-04-21,643639.6851855135
2025-04-22,677136.0601019685
2025-04-23,698128.0963427802
2025-04-24,727511.857533896
2025-04-25,738037.7557483218
2025-04-28,738580.0318363073
2025-04-29,747883.4821087953
2025-04-30,748483.9396241283
2025-05-01,759105.3806643027
2025-05-02,781625.2961482044
2025-05-05,772669.7977789013
2025-05-06,759743.8886115777
2025-05-07,766152.3281744958
2025-05-08,776813.4719829768
2025-05-09,774838.9349200291
2025-05-12,826056.0190506716
2025-05-13,836948.1834990998
2025-05-14,839112.033123783
2025-05-15,847287.5002325233
2025-05-16,858028.091403074
2025-05-19,859897.6245746872
2025-05-20,854136.7052738467
2025-05-21,825341.4869840282
2025-05-22,826000.3279107314
2025-05-23,814709.5934811994
2025-05-27,848604.8366375242
2025-05-28,838760.4687832979
2025-05-29,845400.5716236298
2025-05-30,843516.6221874143
2025-06-02,853012.7163707117
2025-06-03,862736.6450134469
2025-06-04,862268.1880769182
2025-06-05,853926.0649680732
2025-06-06,871490.4467792257
2025-06-09,873049.963743159
2025-06-10,882945.5509722006
2025-06-11,877910.64074594
2025-06-12,884880.2949732768
2025-06-13,865104.2803394295
2025-06-16,881578.827737927
2025-06-17,866487.6067210152
2025-06-18,866223.5901840539
2025-06-20,862175.9534574972
2025-06-23,879206.4450714081
2025-06-24,898649.1552329601
2025-06-25,899634.9091926296
2025-06-26,913712.0189492693
2025-06-27,922808.1763109082
2025-06-30,931616.4283300138
2025-07-01,931008.1747246406
2025-07-02,939460.1388873785
2025-07-03,954272.1008320294
2025-07-07,940052.203058052
2025-07-08,939013.5726059033
2025-07-09,950279.537240172
2025-07-10,955654.3346421866
2025-07-11,948909.1915686199
2025-07-14,952530.6895263183
2025-07-15,944412.9233400557
2025-07-16,950720.1338637321
2025-07-17,962362.796052024
2025-07-18,960941.1026671438
2025-07-21,964585.3594601612
2025-07-22,964863.8373017965
2025-07-23,981296.4013317289
2025-07-24,981920.5562746956
2025-07-25,990224.4561910518
2025-07-28,989722.8703709658
2025-07-29,984520.2358201063
2025-07-30,982019.5494197508
2025-07-31,974651.9052926189
2025-08-01,942710.8909734052
2025-08-04,971367.3202696493
2025-08-05,961527.3100269281
2025-08-06,976258.5094000621
2025-08-07,974609.2663886126
2025-08-08,989813.0030502509
2025-08-11,985896.4880497355
2025-08-12,1006878.6642865171
2025-08-13,1013798.9011519057
2025-08-14,1013989.1459923801
2025-08-15,1009232.5787664843
2025-08-18,1008789.6762038232
2025-08-19,997846.0580888966
2025-08-20,992529.9165502863
2025-08-21,984561.316531202
2025-08-22,1014807.4401237821
2025-08-25,1005894.4911122557
2025-08-26,1014294.4451090177
2025-08-27,1018924.1166575123
2025-08-28,1026138.6950034394
2025-08-29,1013891.2434483677
2025-09-02,998864.0570128425
2025-09-03,1009719.9069268245
2025-09-04,1026582.0537910477
2025-09-05,1020648.9753954619
2025-09-08,1025642.4901706909
2025-09-09,1030393.1229647421
2025-09-10,1036337.1455703137
2025-09-11,1053579.518910146
2025-09-12,1052868.6233598923
2025-09-15,1064077.6008497947
2025-09-16,1061154.9798357876
2025-09-17,1058528.2381942044
2025-09-18,1068406.798644888
2025-09-19,1078949.4840142687
2025-09-22,1089184.2418975732
2025-09-23,1077324.2138058466
2025-09-24,1070462.7964156205
2025-09-25,1060594.3784552058
2025-09-26,1072718.7915112711
2025-09-29,1078750.2468931386
2025-09-30,1086891.0179521132
2025-10-01,1094307.6052122936
2025-10-02,1096810.1592398004
2025-10-03,1096777.1932886948
2025-10-06,1104655.9371968415
2025-10-07,1096451.2450008306
2025-10-08,1109536.4113648455
2025-10-09,1103104.2201232382
2025-10-10,1043465.3495724828
2025-10-13,1075509.6721156058
2025-10-14,1072866.9017163413
2025-10-15,1082382.20644704
2025-10-16,1067653.468700743
2025-10-17,1079778.3219889763
2025-10-20,1102236.2465812208
2025-10-21,1102203.2202813036
2025-10-22,1090743.2659025174
2025-10-23,1103687.433814615
2025-10-24,1121731.0999232393
2025-10-27,1148183.1720142108
2025-10-28,1154283.448058375
2025-10-29,1155398.599817434
2025-10-30,1129974.3874057613
2025-10-31,1137396.4420532777
2025-11-03,1141656.2910083127
2025-11-04,1114604.4170418775
2025-11-05,1122307.25807057
2025-11-06,1098252.9383779052
2025-11-07,1100395.035000448
2025-11-10,1134734.9603987176
2025-11-11,1139926.5692025842
2025-11-12,1141202.2556682955
2025-11-13,1103346.922566363
2025-11-14,1102983.6699093967
2025-11-17,1082413.7475495345
2025-11-18,1064228.7910269238
2025-11-19,1072465.931274081
2025-11-20,1039781.0072374982
2025-11-21,1060485.923183907
2025-11-24,1091687.633264918
2025-11-25,1112243.0739405937
2025-11-26,1127588.0148138038
2025-11-28,1139901.3520179794
2025-12-01,1129500.6391770914
2025-12-02,1133675.2545700376
2025-12-03,1141538.0083056563
2025-12-04,1143216.7159839338
2025-12-05,1147550.964014438
2025-12-08,1140650.1735297516
2025-12-09,1138670.0820185118
2025-12-10,1153792.8868653916
2025-12-11,1159159.6008944293
2025-12-12,1134225.9807835456
2025-12-15,1130812.71166791
2025-12-16,1124631.3075088079
2025-12-17,1099873.491103989
2025-12-18,1116480.5774748577
2025-12-19,1136664.6367973592
2025-12-22,1150832.9602746996
2025-12-23,1161348.0826457918
2025-12-24,1169507.2782822566
2025-12-26,1169269.4596133828
2025-12-29,1160946.6525940548
2025-12-30,1158103.3106939772
2025-12-31,1140962.752870508
2026-01-02,1145123.6663860644
2026-01-05,1160385.706796447
2026-01-06,1174192.1682111898
2026-01-07,1166601.362195504
2026-01-08,1166363.8584644885
2026-01-09,1181800.0293662145
2026-01-12,1185522.2341831161
2026-01-13,1180768.1060153402
2026-01-14,1169162.6668003306
2026-01-15,1175548.1002046
2026-01-16,1173572.7611693016
2026-01-20,1125796.1419106806
2026-01-21,1151787.2028892166
2026-01-22,1163818.8639163107
2026-01-23,1164665.7950334416
2026-01-26,1176493.253822282
2026-01-27,1185859.9671427165
2026-01-28,1185620.5963576476
2026-01-29,1180902.0486345806
2026-01-30,1173872.4635331896
2026-02-02,1185542.1228379428
2026-02-03,1165472.2378762022
2026-02-04,1154183.9607692892
2026-02-05,1125375.3240071863
2026-02-06,1168541.7737271513
2026-02-09,1179807.934197521
2026-02-10,1173602.2771010385
2026-02-11,1173058.1633839486
2026-02-12,1136814.9925364077
2026-02-13,1138421.348816063
2026-02-17,1142071.6915880914
2026-02-18,1153576.936836409
2026-02-19,1147508.9390973847
2026-02-20,1164118.3068265954
2026-02-23,1140312.067980317
2026-02-24,1156901.4720552694
2026-02-25,1176412.4225505043
2026-02-26,1163375.7789489
2026-02-27,1152171.898156579
2026-03-02,1153485.6055350848
2026-03-03,1133162.0951290056
2026-03-04,1149162.8215957102
2026-03-05,1136346.5041954417
2026-03-06,1106542.558675281
2026-03-09,1125949.795580998
2026-03-10,1122320.9213137499
2026-03-11,1119495.6328295972
2026-03-12,1085502.1112562644
2026-03-13,1073212.5447321502
2026-03-16,1095051.8334115555
2026-03-17,1100829.2584746704
2026-03-18,1070088.8474537912
2026-03-19,1064832.4983547155
2026-03-20,1034375.4212109791
2026-03-23,1056097.3529020739
2026-03-24,1049007.0719158228
2026-03-25,1060698.751825721
2026-03-26,1022813.1930457943
2026-03-27,987931.4087257653
2026-03-30,981325.3604155927
